Country,Fatal (Y/N)
ALGERIA,Y
AMERICAN SAMOA,Y
AMERICAN SAMOA,Y
AMERICAN SAMOA,Y
ANDAMAN / NICOBAR ISLANDAS,Y
ARUBA,Y
ATLANTIC OCEAN,Y
ATLANTIC OCEAN,Y
ATLANTIC OCEAN,Y
ATLANTIC OCEAN,Y
ATLANTIC OCEAN,Y
ATLANTIC OCEAN,Y
ATLANTIC OCEAN,Y
AUSTRALIA,Y
AUSTRALIA,Y
AUSTRALIA,Y
AUSTRALIA,Y
AUSTRALIA,Y
AUSTRALIA,Y
AUSTRALIA,Y
AUSTRALIA,Y
AUSTRALIA,Y
AUSTRALIA,Y
AUSTRALIA,Y
AUSTRALIA,Y
AUSTRALIA,Y
AUSTRALIA,Y
AUSTRALIA,Y
AUSTRALIA,Y
AUSTRALIA,Y
AUSTRALIA,Y
AUSTRALIA,Y
AUSTRALIA,Y
AUSTRALIA,Y
AUSTRALIA,Y
AUSTRALIA,Y
AUSTRALIA,Y
AUSTRALIA,Y
AUSTRALIA,Y
AUSTRALIA,Y
AUSTRALIA,Y
AUSTRALIA,Y
AUSTRALIA,Y
AUSTRALIA,Y
AUSTRALIA,Y
AUSTRALIA,Y
AUSTRALIA,Y
AUSTRALIA,Y
AUSTRALIA,Y
AUSTRALIA,Y
AUSTRALIA,Y
AUSTRALIA,Y
AUSTRALIA,Y
AUSTRALIA,Y
AUSTRALIA,Y
AUSTRALIA,Y
AUSTRALIA,Y
AUSTRALIA,Y
AUSTRALIA,Y
AUSTRALIA,Y
AUSTRALIA,Y
AUSTRALIA,Y
AUSTRALIA,Y
AUSTRALIA,Y
AUSTRALIA,Y
AUSTRALIA,Y
AUSTRALIA,Y
AUSTRALIA,Y
AUSTRALIA,Y
AUSTRALIA,Y
AUSTRALIA,Y
AUSTRALIA,Y
AUSTRALIA,Y
AUSTRALIA,Y
AUSTRALIA,Y
AUSTRALIA,Y
AUSTRALIA,Y
AUSTRALIA,Y
AUSTRALIA,Y
AUSTRALIA,Y
AUSTRALIA,Y
AUSTRALIA,Y
AUSTRALIA,Y
AUSTRALIA,Y
AUSTRALIA,Y
AUSTRALIA,Y
AUSTRALIA,Y
AUSTRALIA,Y
AUSTRALIA,Y
AUSTRALIA,Y
AUSTRALIA,Y
AUSTRALIA,Y
AUSTRALIA,Y
AUSTRALIA,Y
AUSTRALIA,Y
AUSTRALIA,Y
AUSTRALIA,Y
AUSTRALIA,Y
AUSTRALIA,Y
AUSTRALIA,Y
AUSTRALIA,Y
AUSTRALIA,Y
AUSTRALIA,Y
AUSTRALIA,Y
AUSTRALIA,Y
AUSTRALIA,Y
AUSTRALIA,Y
AUSTRALIA,Y
AUSTRALIA,Y
AUSTRALIA,Y
AUSTRALIA,Y
AUSTRALIA,Y
AUSTRALIA,Y
AUSTRALIA,Y
AUSTRALIA,Y
AUSTRALIA,Y
AUSTRALIA,Y
AUSTRALIA,Y
AUSTRALIA,Y
AUSTRALIA,Y
AUSTRALIA,Y
AUSTRALIA,Y
AUSTRALIA,Y
AUSTRALIA,Y
AUSTRALIA,Y
AUSTRALIA,Y
AUSTRALIA,Y
AUSTRALIA,Y
AUSTRALIA,Y
AUSTRALIA,Y
AUSTRALIA,Y
AUSTRALIA,Y
AUSTRALIA,Y
AUSTRALIA,Y
AUSTRALIA,Y
AUSTRALIA,Y
AUSTRALIA,Y
AUSTRALIA,Y
AUSTRALIA,Y
AUSTRALIA,Y
AUSTRALIA,Y
AUSTRALIA,Y
AUSTRALIA,Y
AUSTRALIA,Y
AUSTRALIA,Y
AUSTRALIA,Y
AUSTRALIA,Y
AUSTRALIA,Y
AUSTRALIA,Y
AUSTRALIA,Y
AUSTRALIA,Y
AUSTRALIA,Y
AUSTRALIA,Y
AUSTRALIA,Y
AUSTRALIA,Y
AUSTRALIA,Y
AUSTRALIA,Y
AUSTRALIA,Y
AUSTRALIA,Y
AUSTRALIA,Y
AUSTRALIA,Y
AUSTRALIA,Y
AUSTRALIA,Y
AUSTRALIA,Y
AUSTRALIA,Y
AUSTRALIA,Y
AUSTRALIA,Y
AUSTRALIA,Y
AUSTRALIA,Y
AUSTRALIA,Y
AUSTRALIA,Y
AUSTRALIA,Y
AUSTRALIA,Y
AUSTRALIA,Y
AUSTRALIA,Y
AUSTRALIA,Y
AUSTRALIA,Y
AUSTRALIA,Y
AUSTRALIA,Y
AUSTRALIA,Y
AUSTRALIA,Y
AUSTRALIA,Y
AUSTRALIA,Y
AUSTRALIA,Y
AUSTRALIA,Y
AUSTRALIA,Y
AUSTRALIA,Y
AUSTRALIA,Y
AUSTRALIA,Y
AUSTRALIA,Y
AUSTRALIA,Y
AUSTRALIA,Y
AUSTRALIA,Y
AUSTRALIA,Y
AUSTRALIA,Y
AUSTRALIA,Y
AUSTRALIA,Y
AUSTRALIA,Y
AUSTRALIA,Y
AUSTRALIA,Y
AUSTRALIA,Y
AUSTRALIA,Y
AUSTRALIA,Y
AUSTRALIA,Y
AUSTRALIA,Y
AUSTRALIA,Y
AUSTRALIA,Y
AUSTRALIA,Y
AUSTRALIA,Y
AUSTRALIA,Y
AUSTRALIA,Y
AUSTRALIA,Y
AUSTRALIA,Y
AUSTRALIA,Y
AUSTRALIA,Y
AUSTRALIA,Y
AUSTRALIA,Y
AUSTRALIA,Y
AUSTRALIA,Y
AUSTRALIA,Y
AUSTRALIA,Y
AUSTRALIA,Y
AUSTRALIA,Y
AUSTRALIA,Y
AUSTRALIA,Y
AUSTRALIA,Y
AUSTRALIA,Y
AUSTRALIA,Y
AUSTRALIA,Y
AUSTRALIA,Y
AUSTRALIA,Y
AUSTRALIA,Y
AUSTRALIA,Y
AUSTRALIA,Y
AUSTRALIA,Y
AUSTRALIA,Y
AUSTRALIA,Y
AUSTRALIA,Y
AUSTRALIA,Y
AUSTRALIA,Y
AUSTRALIA,Y
AUSTRALIA,Y
AUSTRALIA,Y
AUSTRALIA,Y
AUSTRALIA,Y
AUSTRALIA,Y
AUSTRALIA,Y
AUSTRALIA,Y
AUSTRALIA,Y
AUSTRALIA,Y
AUSTRALIA,Y
AUSTRALIA,Y
AUSTRALIA,Y
AUSTRALIA,Y
AUSTRALIA,Y
AUSTRALIA,Y
AUSTRALIA,Y
AUSTRALIA,Y
AUSTRALIA,Y
AUSTRALIA,Y
AUSTRALIA,Y
AUSTRALIA,Y
AUSTRALIA,Y
AUSTRALIA,Y
AUSTRALIA,Y
AUSTRALIA,Y
AUSTRALIA,Y
AUSTRALIA,Y
AUSTRALIA,Y
AUSTRALIA,Y
AUSTRALIA,Y
AUSTRALIA,Y
AUSTRALIA,Y
AUSTRALIA,Y
AUSTRALIA,Y
AUSTRALIA,Y
AUSTRALIA,Y
AUSTRALIA,Y
AUSTRALIA,Y
AUSTRALIA,Y
AUSTRALIA,Y
AUSTRALIA,Y
AUSTRALIA,Y
AUSTRALIA,Y
AUSTRALIA,Y
AUSTRALIA,Y
AUSTRALIA,Y
AUSTRALIA,Y
AUSTRALIA,Y
AUSTRALIA,Y
AUSTRALIA,Y
AUSTRALIA,Y
AUSTRALIA,Y
AUSTRALIA,Y
AUSTRALIA,Y
AUSTRALIA,Y
AUSTRALIA,Y
AUSTRALIA,Y
AUSTRALIA,Y
AUSTRALIA,Y
AUSTRALIA,Y
AUSTRALIA,Y
AUSTRALIA,Y
AUSTRALIA,Y
AUSTRALIA,Y
AUSTRALIA,Y
AUSTRALIA,Y
AUSTRALIA,Y
AUSTRALIA,Y
AUSTRALIA,Y
AUSTRALIA,Y
AUSTRALIA,Y
AUSTRALIA,Y
AUSTRALIA,Y
AUSTRALIA,Y
AUSTRALIA,Y
AUSTRALIA,Y
AUSTRALIA,Y
AUSTRALIA,Y
AUSTRALIA,Y
AUSTRALIA,Y
AUSTRALIA,Y
AUSTRALIA,Y
AUSTRALIA,Y
AUSTRALIA,Y
AUSTRALIA,Y
AUSTRALIA,Y
AUSTRALIA,Y
AUSTRALIA,Y
AUSTRALIA,Y
AUSTRALIA,Y
AUSTRALIA,Y
AUSTRALIA,Y
AUSTRALIA,Y
AUSTRALIA,Y
AUSTRALIA,Y
AUSTRALIA,Y
AUSTRALIA,Y
AUSTRALIA,Y
AUSTRALIA,Y
AUSTRALIA,Y
AUSTRALIA,Y
AUSTRALIA,Y
AUSTRALIA,Y
AUSTRALIA,Y
AUSTRALIA,Y
AUSTRALIA,Y
AUSTRALIA,Y
AUSTRALIA,Y
AUSTRALIA,Y
AUSTRALIA,Y
AUSTRALIA,Y
AUSTRALIA,Y
AUSTRALIA,Y
AUSTRALIA,Y
BAHAMAS,Y
BAHAMAS,Y
BAHAMAS,Y
BAHAMAS,Y
BAHAMAS,Y
BAHAMAS,Y
BAHAMAS,Y
BAHAMAS,Y
BAHAMAS,Y
BAHAMAS,Y
BAHAMAS,Y
BAHAMAS,Y
BAHREIN,Y
BANGLADESH,Y
BARBADOS,Y
BARBADOS,Y
BARBADOS,Y
BARBADOS,Y
BAY OF BENGAL,Y
BELIZE,Y
BELIZE,Y
BERMUDA,Y
BERMUDA,Y
BERMUDA,Y
Between PORTUGAL & INDIA,Y
BRAZIL,Y
BRAZIL,Y
BRAZIL,Y
BRAZIL,Y
BRAZIL,Y
BRAZIL,Y
BRAZIL,Y
BRAZIL,Y
BRAZIL,Y
BRAZIL,Y
BRAZIL,Y
BRAZIL,Y
BRAZIL,Y
BRAZIL,Y
BRAZIL,Y
BRAZIL,Y
BRAZIL,Y
BRAZIL,Y
BRAZIL,Y
BRAZIL,Y
BRAZIL,Y
BRAZIL,Y
BRAZIL,Y
BRAZIL,Y
BRAZIL,Y
BRAZIL,Y
BRAZIL,Y
BRAZIL,Y
BRAZIL,Y
BRAZIL,Y
BRAZIL,Y
BRAZIL,Y
BRAZIL,Y
BRAZIL,Y
BRAZIL,Y
BRAZIL,Y
BRAZIL,Y
BRAZIL,Y
BRAZIL,Y
BRAZIL,Y
BRITISH VIRGIN ISLANDS,Y
BURMA,Y
BURMA,Y
BURMA,Y
CANADA,Y
CANADA,Y
CAPE VERDE,Y
CAPE VERDE,Y
CARIBBEAN SEA,Y
CARIBBEAN SEA,Y
CARIBBEAN SEA,Y
CARIBBEAN SEA,Y
CARIBBEAN SEA,Y
CENTRAL PACIFIC,Y
CEYLON (SRI LANKA),Y
CHILE,Y
CHILE,Y
CHILE,Y
CHILE,Y
CHINA,Y
CHINA,Y
CHINA,Y
Coast of AFRICA,Y
COLUMBIA,Y
COLUMBIA,Y
COOK ISLANDS,Y
COSTA RICA,Y
COSTA RICA,Y
COSTA RICA,Y
COSTA RICA,Y
COSTA RICA,Y
COSTA RICA,Y
COSTA RICA,Y
COSTA RICA,Y
CRETE,Y
CROATIA,Y
CROATIA,Y
CROATIA,Y
CROATIA,Y
CROATIA,Y
CROATIA,Y
CROATIA,Y
CROATIA,Y
CROATIA,Y
CROATIA,Y
CROATIA,Y
CROATIA,Y
CROATIA,Y
CROATIA,Y
CROATIA,Y
CROATIA,Y
CROATIA,Y
CROATIA,Y
CUBA,Y
CUBA,Y
CUBA,Y
CUBA,Y
CUBA,Y
CUBA,Y
CUBA,Y
CUBA,Y
CUBA,Y
CUBA,Y
CUBA,Y
CUBA,Y
CUBA,Y
CUBA,Y
CUBA,Y
CUBA,Y
CUBA,Y
CUBA,Y
CUBA,Y
CUBA,Y
CUBA,Y
CUBA,Y
CUBA,Y
CUBA,Y
CYPRUS,Y
DIEGO GARCIA,Y
DJIBOUTI,Y
DOMINICAN REPUBLIC,Y
DOMINICAN REPUBLIC,Y
DOMINICAN REPUBLIC,Y
DOMINICAN REPUBLIC,Y
EGYPT,Y
EGYPT,Y
EGYPT,Y
EGYPT,Y
EGYPT,Y
EGYPT,Y
EGYPT,Y
EGYPT,Y
EGYPT,Y
EGYPT,Y
EGYPT,Y
EGYPT,Y
EGYPT,Y
EL SALVADOR,Y
EL SALVADOR,Y
ENGLAND,Y
ENGLAND,Y
ENGLAND,Y
EQUATORIAL GUINEA / CAMEROON,Y
Fiji,Y
FIJI,Y
FIJI,Y
FIJI,Y
FIJI,Y
FIJI,Y
FIJI,Y
FIJI,Y
FIJI,Y
FIJI,Y
FIJI,Y
FIJI,Y
FIJI,Y
FIJI,Y
FIJI,Y
FIJI,Y
FIJI,Y
FIJI,Y
FIJI,Y
FIJI,Y
FIJI,Y
Fiji,Y
FIJI,Y
FIJI,Y
FRANCE,Y
FRANCE,Y
FRANCE,Y
FRENCH POLYNESIA,Y
FRENCH POLYNESIA,Y
GABON,Y
GHANA,Y
GREECE,Y
GREECE,Y
GREECE,Y
GREECE,Y
GREECE,Y
GREECE,Y
GREECE,Y
GREECE,Y
GREECE,Y
GREECE,Y
GREECE,Y
GREECE,Y
GREECE,Y
GREECE,Y
GREECE,Y
GREENLAND,Y
GRENADA,Y
GRENADA,Y
GRENADA,Y
GUAM,Y
GUAM,Y
GUATEMALA,Y
GUINEA,Y
GUINEA,Y
GUINEA,Y
GULF OF ADEN,Y
HAITI,Y
HONDURAS,Y
HONDURAS,Y
HONG KONG,Y
HONG KONG,Y
HONG KONG,Y
HONG KONG,Y
HONG KONG,Y
HONG KONG,Y
HONG KONG,Y
HONG KONG,Y
HONG KONG,Y
HONG KONG,Y
HONG KONG,Y
HONG KONG,Y
HONG KONG,Y
HONG KONG,Y
HONG KONG,Y
HONG KONG,Y
HONG KONG,Y
INDIA,Y
INDIA,Y
INDIA,Y
INDIA,Y
INDIA,Y
INDIA,Y
INDIA,Y
INDIA,Y
INDIA,Y
INDIA,Y
INDIA,Y
INDIA,Y
INDIA,Y
INDIA,Y
INDIA,Y
INDIA,Y
INDIA,Y
INDIA,Y
INDIA,Y
INDIAN OCEAN,Y
INDIAN OCEAN,Y
INDIAN OCEAN,Y
INDIAN OCEAN,Y
INDIAN OCEAN,Y
INDIAN OCEAN?,Y
INDONESIA,Y
INDONESIA,Y
INDONESIA,Y
INDONESIA,Y
INDONESIA,Y
INDONESIA,Y
INDONESIA,Y
INDONESIA,Y
INDONESIA,Y
INDONESIA,Y
INDONESIA,Y
INDONESIA,Y
INDONESIA,Y
INDONESIA,Y
IRAN,Y
IRAN,Y
IRAN,Y
IRAN,Y
IRAN,Y
IRAN,Y
IRAN,Y
IRAN,Y
IRAN,Y
IRAN,Y
IRAN,Y
IRAN,Y
IRAN,Y
IRAQ,Y
IRAQ,Y
IRAQ,Y
IRELAND,Y
ISRAEL,Y
ITALY,Y
ITALY,Y
ITALY,Y
ITALY,Y
ITALY,Y
ITALY,Y
ITALY,Y
ITALY,Y
ITALY,Y
ITALY,Y
ITALY,Y
ITALY,Y
ITALY,Y
ITALY,Y
ITALY,Y
ITALY,Y
ITALY,Y
ITALY,Y
JAMAICA,Y
JAMAICA,Y
JAMAICA,Y
JAMAICA,Y
JAMAICA,Y
JAMAICA,Y
JAMAICA,Y
JAMAICA,Y
JAMAICA,Y
JAMAICA,Y
JAMAICA,Y
JAMAICA,Y
JAMAICA,Y
JAMAICA,Y
JAPAN,Y
JAPAN,Y
JAPAN,Y
JAPAN,Y
JAPAN,Y
JAPAN,Y
JAPAN,Y
JAPAN,Y
JAPAN,Y
JAPAN,Y
JAPAN,Y
JAPAN,Y
JAPAN,Y
JAPAN,Y
JAVA,Y
KENYA,Y
KENYA,Y
KENYA,Y
KENYA,Y
KENYA,Y
KENYA,Y
KIRIBATI,Y
KIRIBATI,Y
KIRIBATI,Y
KIRIBATI,Y
KOREA,Y
LEBANON,Y
LEBANON,Y
LIBERIA,Y
LIBERIA,Y
LIBERIA,Y
LIBYA,Y
LIBYA,Y
MADAGASCAR,Y
MADAGASCAR,Y
MADAGASCAR,Y
MADAGASCAR,Y
MALAYSIA,Y
MALDIVE ISLANDS,Y
MALTA,Y
MALTA,Y
MALTA,Y
MARSHALL ISLANDS,Y
MARSHALL ISLANDS,Y
MAURITIUS,Y
MAURITIUS,Y
MAYOTTE,Y
MEDITERRANEAN SEA,Y
MEXICO,Y
MEXICO,Y
MEXICO,Y
MEXICO,Y
MEXICO,Y
MEXICO,Y
MEXICO,Y
MEXICO,Y
MEXICO,Y
MEXICO,Y
MEXICO,Y
MEXICO,Y
MEXICO,Y
MEXICO,Y
MEXICO,Y
MEXICO,Y
MEXICO,Y
MEXICO,Y
MEXICO,Y
MEXICO,Y
MEXICO,Y
MEXICO,Y
MEXICO,Y
MEXICO,Y
MEXICO,Y
MEXICO,Y
MEXICO,Y
MEXICO,Y
MEXICO,Y
MEXICO,Y
MEXICO,Y
MEXICO,Y
MEXICO,Y
MEXICO,Y
MEXICO,Y
MEXICO,Y
MEXICO,Y
MEXICO,Y
MEXICO,Y
MEXICO,Y
MEXICO,Y
MEXICO,Y
MEXICO,Y
MEXICO,Y
MID ATLANTIC OCEAN,Y
MID ATLANTIC OCEAN,Y
MONACO,Y
MONTENEGRO,Y
MONTENEGRO,Y
MOZAMBIQUE,Y
MOZAMBIQUE,Y
MOZAMBIQUE,Y
MOZAMBIQUE,Y
MOZAMBIQUE,Y
MOZAMBIQUE,Y
MOZAMBIQUE,Y
MOZAMBIQUE,Y
MOZAMBIQUE,Y
MOZAMBIQUE,Y
MOZAMBIQUE,Y
MOZAMBIQUE,Y
MOZAMBIQUE,Y
MOZAMBIQUE,Y
MOZAMBIQUE,Y
MOZAMBIQUE,Y
MOZAMBIQUE,Y
MOZAMBIQUE,Y
MOZAMBIQUE,Y
MOZAMBIQUE,Y
NAMIBIA,Y
NEVIS,Y
NEW BRITAIN,Y
NEW BRITAIN,Y
NEW BRITAIN,Y
NEW BRITAIN,Y
NEW CALEDONIA,Y
NEW CALEDONIA,Y
NEW CALEDONIA,Y
NEW CALEDONIA,Y
NEW CALEDONIA,Y
NEW CALEDONIA,Y
NEW CALEDONIA,Y
NEW CALEDONIA,Y
NEW CALEDONIA,Y
NEW CALEDONIA,Y
NEW CALEDONIA,Y
NEW CALEDONIA,Y
NEW CALEDONIA,Y
NEW CALEDONIA,Y
NEW CALEDONIA,Y
NEW CALEDONIA,Y
NEW CALEDONIA,Y
NEW CALEDONIA,Y
NEW CALEDONIA,Y
NEW GUINEA,Y
NEW GUINEA,Y
NEW GUINEA,Y
NEW GUINEA,Y
NEW GUINEA,Y
NEW GUINEA,Y
NEW ZEALAND,Y
NEW ZEALAND,Y
NEW ZEALAND,Y
NEW ZEALAND,Y
NEW ZEALAND,Y
NEW ZEALAND,Y
NEW ZEALAND,Y
NEW ZEALAND,Y
NEW ZEALAND,Y
NEW ZEALAND,Y
NEW ZEALAND,Y
NEW ZEALAND,Y
NEW ZEALAND,Y
NEW ZEALAND,Y
NEW ZEALAND,Y
NEW ZEALAND,Y
NEW ZEALAND,Y
NEW ZEALAND,Y
NEW ZEALAND,Y
NEW ZEALAND,Y
NEW ZEALAND,Y
NEW ZEALAND,Y
NEW ZEALAND,Y
NEW ZEALAND,Y
NEW ZEALAND,Y
NEW ZEALAND,Y
NEW ZEALAND,Y
NEW ZEALAND,Y
NICARAGUA,Y
NICARAGUA,Y
NICARAGUA,Y
NICARAGUA,Y
NICARAGUA,Y
NIGERIA,Y
NIGERIA,Y
NIGERIA,Y
NORTH PACIFIC OCEAN,Y
NORTH PACIFIC OCEAN,Y
OKINAWA,Y
OKINAWA,Y
OKINAWA,Y
OKINAWA,Y
PACIFIC OCEAN,Y
PACIFIC OCEAN,Y
PACIFIC OCEAN,Y
PACIFIC OCEAN,Y
PACIFIC OCEAN,Y
PACIFIC OCEAN,Y
PACIFIC OCEAN,Y
PACIFIC OCEAN,Y
PANAMA,Y
PANAMA,Y
PANAMA,Y
PANAMA,Y
PANAMA,Y
PANAMA,Y
PANAMA,Y
PANAMA,Y
PANAMA,Y
PANAMA,Y
PANAMA,Y
PANAMA,Y
PANAMA,Y
PANAMA,Y
PANAMA,Y
PANAMA,Y
PANAMA,Y
PANAMA,Y
PANAMA,Y
PAPUA NEW GUINEA,Y
PAPUA NEW GUINEA,Y
PAPUA NEW GUINEA,Y
PAPUA NEW GUINEA,Y
PAPUA NEW GUINEA,Y
PAPUA NEW GUINEA,Y
PAPUA NEW GUINEA,Y
PAPUA NEW GUINEA,Y
PAPUA NEW GUINEA,Y
PAPUA NEW GUINEA,Y
PAPUA NEW GUINEA,Y
PAPUA NEW GUINEA,Y
PAPUA NEW GUINEA,Y
PAPUA NEW GUINEA,Y
PAPUA NEW GUINEA,Y
PAPUA NEW GUINEA,Y
PAPUA NEW GUINEA,Y
PAPUA NEW GUINEA,Y
PAPUA NEW GUINEA,Y
PAPUA NEW GUINEA,Y
PAPUA NEW GUINEA,Y
PAPUA NEW GUINEA,Y
PAPUA NEW GUINEA,Y
PAPUA NEW GUINEA,Y
PAPUA NEW GUINEA,Y
PAPUA NEW GUINEA,Y
PAPUA NEW GUINEA,Y
PAPUA NEW GUINEA,Y
PAPUA NEW GUINEA,Y
PAPUA NEW GUINEA,Y
PAPUA NEW GUINEA,Y
PAPUA NEW GUINEA,Y
PAPUA NEW GUINEA,Y
PAPUA NEW GUINEA,Y
PAPUA NEW GUINEA,Y
PAPUA NEW GUINEA,Y
PAPUA NEW GUINEA,Y
PAPUA NEW GUINEA,Y
PAPUA NEW GUINEA,Y
PAPUA NEW GUINEA,Y
PAPUA NEW GUINEA,Y
PAPUA NEW GUINEA,Y
PAPUA NEW GUINEA,Y
PAPUA NEW GUINEA,Y
PAPUA NEW GUINEA,Y
PAPUA NEW GUINEA,Y
PAPUA NEW GUINEA,Y
PAPUA NEW GUINEA,Y
PAPUA NEW GUINEA,Y
PAPUA NEW GUINEA,Y
PAPUA NEW GUINEA,Y
PAPUA NEW GUINEA,Y
PAPUA NEW GUINEA,Y
PAPUA NEW GUINEA,Y
PAPUA NEW GUINEA,Y
PAPUA NEW GUINEA,Y
PARAGUAY,Y
PERSIAN GULF,Y
PHILIPPINES,Y
PHILIPPINES,Y
PHILIPPINES,Y
PHILIPPINES,Y
PHILIPPINES,Y
PHILIPPINES,Y
PHILIPPINES,Y
PHILIPPINES,Y
PHILIPPINES,Y
PHILIPPINES,Y
PHILIPPINES,Y
PHILIPPINES,Y
PHILIPPINES,Y
PHILIPPINES,Y
PHILIPPINES,Y
PHILIPPINES,Y
PHILIPPINES,Y
PHILIPPINES,Y
PHILIPPINES,Y
PHILIPPINES,Y
PHILIPPINES,Y
PHILIPPINES,Y
PHILIPPINES,Y
PHILIPPINES,Y
PHILIPPINES,Y
PHILIPPINES,Y
PHILIPPINES,Y
PHILIPPINES,Y
PHILIPPINES,Y
PHILIPPINES,Y
PHILIPPINES,Y
PHILIPPINES,Y
PHILIPPINES,Y
PHILIPPINES,Y
PHILIPPINES,Y
PHILIPPINES,Y
PHILIPPINES,Y
PHILIPPINES,Y
PORTUGAL,Y
PORTUGAL,Y
RED SEA / INDIAN OCEAN,Y
REUNION,Y
REUNION,Y
REUNION,Y
REUNION,Y
REUNION,Y
REUNION,Y
REUNION,Y
REUNION,Y
REUNION,Y
REUNION,Y
REUNION,Y
REUNION,Y
REUNION,Y
REUNION,Y
REUNION,Y
REUNION,Y
REUNION,Y
REUNION,Y
REUNION,Y
REUNION,Y
REUNION,Y
REUNION,Y
REUNION,Y
REUNION,Y
REUNION,Y
REUNION,Y
REUNION,Y
REUNION,Y
REUNION,Y
SAMOA,Y
SAN DOMINGO,Y
SAUDI ARABIA,Y
SENEGAL,Y
SENEGAL,Y
SENEGAL,Y
SENEGAL,Y
SEYCHELLES,Y
SEYCHELLES,Y
Seychelles,Y
SEYCHELLES,Y
SEYCHELLES,Y
SEYCHELLES,Y
Sierra Leone,Y
SIERRA LEONE,Y
SIERRA LEONE,Y
SIERRA LEONE,Y
SIERRA LEONE,Y
SIERRA LEONE?,Y
SINGAPORE,Y
SINGAPORE,Y
SINGAPORE,Y
SINGAPORE,Y
SOLOMON ISLANDS,Y
SOLOMON ISLANDS,Y
SOLOMON ISLANDS,Y
SOLOMON ISLANDS,Y
SOLOMON ISLANDS,Y
SOLOMON ISLANDS,Y
SOLOMON ISLANDS,Y
SOLOMON ISLANDS,Y
SOLOMON ISLANDS,Y
SOLOMON ISLANDS,Y
SOLOMON ISLANDS,Y
SOLOMON ISLANDS,Y
SOLOMON ISLANDS / VANUATU,Y
SOMALIA,Y
SOMALIA,Y
SOMALIA,Y
SOMALIA,Y
SOMALIA,Y
SOUTH AFRICA,Y
SOUTH AFRICA,Y
SOUTH AFRICA,Y
SOUTH AFRICA,Y
SOUTH AFRICA,Y
SOUTH AFRICA,Y
SOUTH AFRICA,Y
SOUTH AFRICA,Y
SOUTH AFRICA,Y
SOUTH AFRICA,Y
SOUTH AFRICA,Y
SOUTH AFRICA,Y
SOUTH AFRICA,Y
SOUTH AFRICA,Y
SOUTH AFRICA,Y
SOUTH AFRICA,Y
SOUTH AFRICA,Y
SOUTH AFRICA,Y
SOUTH AFRICA,Y
SOUTH AFRICA,Y
SOUTH AFRICA,Y
SOUTH AFRICA,Y
SOUTH AFRICA,Y
SOUTH AFRICA,Y
SOUTH AFRICA,Y
SOUTH AFRICA,Y
SOUTH AFRICA,Y
SOUTH AFRICA,Y
SOUTH AFRICA,Y
SOUTH AFRICA,Y
SOUTH AFRICA,Y
SOUTH AFRICA,Y
SOUTH AFRICA,Y
SOUTH AFRICA,Y
SOUTH AFRICA,Y
SOUTH AFRICA,Y
SOUTH AFRICA,Y
SOUTH AFRICA,Y
SOUTH AFRICA,Y
SOUTH AFRICA,Y
SOUTH AFRICA,Y
SOUTH AFRICA,Y
SOUTH AFRICA,Y
SOUTH AFRICA,Y
SOUTH AFRICA,Y
SOUTH AFRICA,Y
SOUTH AFRICA,Y
SOUTH AFRICA,Y
SOUTH AFRICA,Y
SOUTH AFRICA,Y
SOUTH AFRICA,Y
SOUTH AFRICA,Y
SOUTH AFRICA,Y
SOUTH AFRICA,Y
SOUTH AFRICA,Y
SOUTH AFRICA,Y
SOUTH AFRICA,Y
SOUTH AFRICA,Y
SOUTH AFRICA,Y
SOUTH AFRICA,Y
SOUTH AFRICA,Y
SOUTH AFRICA,Y
SOUTH AFRICA,Y
SOUTH AFRICA,Y
SOUTH AFRICA,Y
SOUTH AFRICA,Y
SOUTH AFRICA,Y
SOUTH AFRICA,Y
SOUTH AFRICA,Y
SOUTH AFRICA,Y
SOUTH AFRICA,Y
SOUTH AFRICA,Y
SOUTH AFRICA,Y
SOUTH AFRICA,Y
SOUTH AFRICA,Y
SOUTH AFRICA,Y
SOUTH AFRICA,Y
SOUTH AFRICA,Y
SOUTH AFRICA,Y
SOUTH AFRICA,Y
SOUTH AFRICA,Y
SOUTH AFRICA,Y
SOUTH AFRICA,Y
SOUTH AFRICA,Y
SOUTH AFRICA,Y
SOUTH AFRICA,Y
SOUTH AFRICA,Y
SOUTH AFRICA,Y
SOUTH AFRICA,Y
SOUTH AFRICA,Y
SOUTH AFRICA,Y
SOUTH AFRICA,Y
SOUTH AFRICA,Y
SOUTH AFRICA,Y
SOUTH AFRICA,Y
SOUTH AFRICA,Y
SOUTH AFRICA,Y
SOUTH AFRICA,Y
SOUTH AFRICA,Y
SOUTH AFRICA,Y
SOUTH AFRICA,Y
SOUTH AFRICA,Y
SOUTH AFRICA,Y
SOUTH AFRICA,Y
SOUTH AFRICA,Y
SOUTH AFRICA,Y
SOUTH AFRICA,Y
SOUTH AFRICA,Y
SOUTH AFRICA,Y
SOUTH AFRICA,Y
SOUTH AFRICA,Y
SOUTH AFRICA,Y
SOUTH AFRICA,Y
SOUTH AFRICA,Y
SOUTH AFRICA,Y
SOUTH AFRICA,Y
SOUTH AFRICA,Y
SOUTH AFRICA,Y
SOUTH AFRICA,Y
SOUTH AFRICA,Y
SOUTH AFRICA,Y
SOUTH AFRICA,Y
SOUTH AFRICA,Y
SOUTH AFRICA,Y
SOUTH AFRICA,Y
SOUTH AFRICA,Y
SOUTH AFRICA,Y
SOUTH AFRICA,Y
SOUTH AFRICA,Y
SOUTH AFRICA,Y
SOUTH AFRICA,Y
SOUTH AFRICA,Y
SOUTH AFRICA,Y
SOUTH AFRICA,Y
SOUTH AFRICA,Y
SOUTH AFRICA,Y
SOUTH AFRICA,Y
SOUTH ATLANTIC OCEAN,Y
SOUTH ATLANTIC OCEAN,Y
SOUTH ATLANTIC OCEAN,Y
SOUTH ATLANTIC OCEAN,Y
SOUTH KOREA,Y
SOUTH KOREA,Y
SOUTH KOREA,Y
SOUTH KOREA,Y
SOUTH KOREA,Y
SOUTH KOREA,Y
SOUTH PACIFIC OCEAN,Y
SOUTH PACIFIC OCEAN,Y
SOUTHWEST PACIFIC OCEAN,Y
SPAIN,Y
SPAIN,Y
SPAIN,Y
SPAIN,Y
SPAIN,Y
SPAIN,Y
SPAIN,Y
SPAIN,Y
SPAIN,Y
SRI LANKA,Y
SRI LANKA,Y
SRI LANKA,Y
SUDAN,Y
SYRIA,Y
TAIWAN,Y
TAIWAN,Y
TAIWAN,Y
TANZANIA,Y
TANZANIA,Y
TANZANIA,Y
TANZANIA,Y
TANZANIA,Y
TANZANIA,Y
THAILAND,Y
THAILAND,Y
THAILAND,Y
THE BALKANS,Y
TONGA,Y
TONGA,Y
TONGA,Y
TONGA,Y
TONGA,Y
TONGA,Y
TRINIDAD & TOBAGO,Y
TUNISIA,Y
TURKEY,Y
TURKEY,Y
TURKEY,Y
TURKS & CAICOS,Y
TURKS & CAICOS,Y
TUVALU,Y
UNITED KINGDOM,Y
UNITED KINGDOM,Y
URUGUAY,Y
USA,Y
USA,Y
USA,Y
USA,Y
USA,Y
USA,Y
USA,Y
USA,Y
USA,Y
USA,Y
USA,Y
USA,Y
USA,Y
USA,Y
USA,Y
USA,Y
USA,Y
USA,Y
USA,Y
USA,Y
USA,Y
USA,Y
USA,Y
USA,Y
USA,Y
USA,Y
USA,Y
USA,Y
USA,Y
USA,Y
USA,Y
USA,Y
USA,Y
USA,Y
USA,Y
USA,Y
USA,Y
USA,Y
USA,Y
USA,Y
USA,Y
USA,Y
USA,Y
USA,Y
USA,Y
USA,Y
USA,Y
USA,Y
USA,Y
USA,Y
USA,Y
USA,Y
USA,Y
USA,Y
USA,Y
USA,Y
USA,Y
USA,Y
USA,Y
USA,Y
USA,Y
USA,Y
USA,Y
USA,Y
USA,Y
USA,Y
USA,Y
USA,Y
USA,Y
USA,Y
USA,Y
USA,Y
USA,Y
USA,Y
USA,Y
USA,Y
USA,Y
USA,Y
USA,Y
USA,Y
USA,Y
USA,Y
USA,Y
USA,Y
USA,Y
USA,Y
USA,Y
USA,Y
USA,Y
USA,Y
USA,Y
USA,Y
USA,Y
USA,Y
USA,Y
USA,Y
USA,Y
USA,Y
USA,Y
USA,Y
USA,Y
USA,Y
USA,Y
USA,Y
USA,Y
USA,Y
USA,Y
USA,Y
USA,Y
USA,Y
USA,Y
USA,Y
USA,Y
USA,Y
USA,Y
USA,Y
USA,Y
USA,Y
USA,Y
USA,Y
USA,Y
USA,Y
USA,Y
USA,Y
USA,Y
USA,Y
USA,Y
USA,Y
USA,Y
USA,Y
USA,Y
USA,Y
USA,Y
USA,Y
USA,Y
USA,Y
USA,Y
USA,Y
USA,Y
USA,Y
USA,Y
USA,Y
USA,Y
USA,Y
USA,Y
USA,Y
USA,Y
USA,Y
USA,Y
USA,Y
USA,Y
USA,Y
USA,Y
USA,Y
USA,Y
USA,Y
USA,Y
USA,Y
USA,Y
USA,Y
USA,Y
USA,Y
USA,Y
USA,Y
USA,Y
USA,Y
USA,Y
USA,Y
USA,Y
USA,Y
USA,Y
USA,Y
USA,Y
USA,Y
USA,Y
USA,Y
USA,Y
USA,Y
USA,Y
USA,Y
USA,Y
USA,Y
USA,Y
USA,Y
USA,Y
USA,Y
USA,Y
USA,Y
USA,Y
USA,Y
USA,Y
USA,Y
USA,Y
USA,Y
USA,Y
USA,Y
USA,Y
USA,Y
USA,Y
USA,Y
USA,Y
USA,Y
USA,Y
USA,Y
USA,Y
USA,Y
USA,Y
USA,Y
USA,Y
USA,Y
USA,Y
USA,Y
USA,Y
USA,Y
USA,Y
USA,Y
USA,Y
USA,Y
USA,Y
USA,Y
USA,Y
USA,Y
USA,Y
USA,Y
USA,Y
USA,Y
USA,Y
USA,Y
USA,Y
USA,Y
USA,Y
USA,Y
USA,Y
USA,Y
USA,Y
USA,Y
USA,Y
USA,Y
USA,Y
USA,Y
USA,Y
USA,Y
USA,Y
USA,Y
USA,Y
USA,Y
USA,Y
USA,Y
USA,Y
USA,Y
VANUATU,Y
VANUATU,Y
VANUATU,Y
VANUATU,Y
VANUATU,Y
VANUATU,Y
VANUATU,Y
VANUATU,Y
VANUATU,Y
VENEZUELA,Y
VENEZUELA,Y
VENEZUELA,Y
VENEZUELA,Y
VENEZUELA,Y
VIETNAM,Y
WESTERN SAMOA,Y
YEMEN,Y
YEMEN,Y
YEMEN ,Y
YEMEN ,Y
YEMEN ,Y
YEMEN ,Y
YEMEN ,Y
AUSTRALIA,N 
ADMIRALTY ISLANDS,N
ANGOLA,N
ANTIGUA,N
ARGENTINA,N
ATLANTIC OCEAN,N
ATLANTIC OCEAN,N
ATLANTIC OCEAN,N
ATLANTIC OCEAN,N
ATLANTIC OCEAN,N
ATLANTIC OCEAN,N
ATLANTIC OCEAN,N
ATLANTIC OCEAN,N
AUSTRALIA,N
AUSTRALIA,N
AUSTRALIA,N
AUSTRALIA,N
AUSTRALIA,N
AUSTRALIA,N
AUSTRALIA,N
AUSTRALIA,N
AUSTRALIA,N
AUSTRALIA,N
AUSTRALIA,N
AUSTRALIA,N
AUSTRALIA,N
AUSTRALIA,N
AUSTRALIA,N
AUSTRALIA,N
AUSTRALIA,N
AUSTRALIA,N
AUSTRALIA,N
AUSTRALIA,N
AUSTRALIA,N
AUSTRALIA,N
AUSTRALIA,N
AUSTRALIA,N
AUSTRALIA,N
AUSTRALIA,N
AUSTRALIA,N
AUSTRALIA,N
AUSTRALIA,N
AUSTRALIA,N
AUSTRALIA,N
AUSTRALIA,N
AUSTRALIA,N
AUSTRALIA,N
AUSTRALIA,N
AUSTRALIA,N
AUSTRALIA,N
AUSTRALIA,N
AUSTRALIA,N
AUSTRALIA,N
AUSTRALIA,N
AUSTRALIA,N
AUSTRALIA,N
AUSTRALIA,N
AUSTRALIA,N
AUSTRALIA,N
AUSTRALIA,N
AUSTRALIA,N
AUSTRALIA,N
AUSTRALIA,N
AUSTRALIA,N
AUSTRALIA,N
AUSTRALIA,N
AUSTRALIA,N
AUSTRALIA,N
AUSTRALIA,N
AUSTRALIA,N
AUSTRALIA,N
AUSTRALIA,N
AUSTRALIA,N
AUSTRALIA,N
AUSTRALIA,N
AUSTRALIA,N
AUSTRALIA,N
AUSTRALIA,N
AUSTRALIA,N
AUSTRALIA,N
AUSTRALIA,N
AUSTRALIA,N
AUSTRALIA,N
AUSTRALIA,N
AUSTRALIA,N
AUSTRALIA,N
AUSTRALIA,N
AUSTRALIA,N
AUSTRALIA,N
AUSTRALIA,N
AUSTRALIA,N
AUSTRALIA,N
AUSTRALIA,N
AUSTRALIA,N
AUSTRALIA,N
AUSTRALIA,N
AUSTRALIA,N
AUSTRALIA,N
AUSTRALIA,N
AUSTRALIA,N
AUSTRALIA,N
AUSTRALIA,N
AUSTRALIA,N
AUSTRALIA,N
AUSTRALIA,N
AUSTRALIA,N
AUSTRALIA,N
AUSTRALIA,N
AUSTRALIA,N
AUSTRALIA,N
AUSTRALIA,N
AUSTRALIA,N
AUSTRALIA,N
AUSTRALIA,N
AUSTRALIA,N
AUSTRALIA,N
AUSTRALIA,N
AUSTRALIA,N
AUSTRALIA,N
AUSTRALIA,N
AUSTRALIA,N
AUSTRALIA,N
AUSTRALIA,N
AUSTRALIA,N
AUSTRALIA,N
AUSTRALIA,N
AUSTRALIA,N
AUSTRALIA,N
AUSTRALIA,N
AUSTRALIA,N
AUSTRALIA,N
AUSTRALIA,N
AUSTRALIA,N
AUSTRALIA,N
AUSTRALIA,N
AUSTRALIA,N
AUSTRALIA,N
AUSTRALIA,N
AUSTRALIA,N
AUSTRALIA,N
AUSTRALIA,N
AUSTRALIA,N
AUSTRALIA,N
AUSTRALIA,N
AUSTRALIA,N
AUSTRALIA,N
AUSTRALIA,N
AUSTRALIA,N
AUSTRALIA,N
AUSTRALIA,N
AUSTRALIA,N
AUSTRALIA,N
AUSTRALIA,N
AUSTRALIA,N
AUSTRALIA,N
AUSTRALIA,N
AUSTRALIA,N
AUSTRALIA,N
AUSTRALIA,N
AUSTRALIA,N
AUSTRALIA,N
AUSTRALIA,N
AUSTRALIA,N
AUSTRALIA,N
AUSTRALIA,N
AUSTRALIA,N
AUSTRALIA,N
AUSTRALIA,N
AUSTRALIA,N
AUSTRALIA,N
AUSTRALIA,N
AUSTRALIA,N
AUSTRALIA,N
AUSTRALIA,N
AUSTRALIA,N
AUSTRALIA,N
AUSTRALIA,N
AUSTRALIA,N
AUSTRALIA,N
AUSTRALIA,N
AUSTRALIA,N
AUSTRALIA,N
AUSTRALIA,N
AUSTRALIA,N
AUSTRALIA,N
AUSTRALIA,N
AUSTRALIA,N
AUSTRALIA,N
AUSTRALIA,N
AUSTRALIA,N
AUSTRALIA,N
AUSTRALIA,N
AUSTRALIA,N
AUSTRALIA,N
AUSTRALIA,N
AUSTRALIA,N
AUSTRALIA,N
AUSTRALIA,N
AUSTRALIA,N
AUSTRALIA,N
AUSTRALIA,N
AUSTRALIA,N
AUSTRALIA,N
AUSTRALIA,N
AUSTRALIA,N
AUSTRALIA,N
AUSTRALIA,N
AUSTRALIA,N
AUSTRALIA,N
AUSTRALIA,N
AUSTRALIA,N
AUSTRALIA,N
AUSTRALIA,N
AUSTRALIA,N
AUSTRALIA,N
AUSTRALIA,N
AUSTRALIA,N
AUSTRALIA,N
AUSTRALIA,N
AUSTRALIA,N
AUSTRALIA,N
AUSTRALIA,N
AUSTRALIA,N
AUSTRALIA,N
AUSTRALIA,N
AUSTRALIA,N
AUSTRALIA,N
AUSTRALIA,N
AUSTRALIA,N
AUSTRALIA,N
AUSTRALIA,N
AUSTRALIA,N
AUSTRALIA,N
AUSTRALIA,N
AUSTRALIA,N
AUSTRALIA,N
AUSTRALIA,N
AUSTRALIA,N
AUSTRALIA,N
AUSTRALIA,N
AUSTRALIA,N
AUSTRALIA,N
AUSTRALIA,N
AUSTRALIA,N
AUSTRALIA,N
AUSTRALIA,N
AUSTRALIA,N
AUSTRALIA,N
AUSTRALIA,N
AUSTRALIA,N
AUSTRALIA,N
AUSTRALIA,N
AUSTRALIA,N
AUSTRALIA,N
AUSTRALIA,N
AUSTRALIA,N
AUSTRALIA,N
AUSTRALIA,N
AUSTRALIA,N
AUSTRALIA,N
AUSTRALIA,N
AUSTRALIA,N
AUSTRALIA,N
AUSTRALIA,N
AUSTRALIA,N
AUSTRALIA,N
AUSTRALIA,N
AUSTRALIA,N
AUSTRALIA,N
AUSTRALIA,N
AUSTRALIA,N
AUSTRALIA,N
AUSTRALIA,N
AUSTRALIA,N
AUSTRALIA,N
AUSTRALIA,N
AUSTRALIA,N
AUSTRALIA,N
AUSTRALIA,N
AUSTRALIA,N
AUSTRALIA,N
AUSTRALIA,N
AUSTRALIA,N
AUSTRALIA,N
AUSTRALIA,N
AUSTRALIA,N
AUSTRALIA,N
AUSTRALIA,N
AUSTRALIA,N
AUSTRALIA,N
AUSTRALIA,N
AUSTRALIA,N
AUSTRALIA,N
AUSTRALIA,N
AUSTRALIA,N
AUSTRALIA,N
AUSTRALIA,N
AUSTRALIA,N
AUSTRALIA,N
AUSTRALIA,N
AUSTRALIA,N
AUSTRALIA,N
AUSTRALIA,N
AUSTRALIA,N
AUSTRALIA,N
AUSTRALIA,N
AUSTRALIA,N
AUSTRALIA,N
AUSTRALIA,N
AUSTRALIA,N
AUSTRALIA,N
AUSTRALIA,N
AUSTRALIA,N
AUSTRALIA,N
AUSTRALIA,N
AUSTRALIA,N
AUSTRALIA,N
AUSTRALIA,N
AUSTRALIA,N
AUSTRALIA,N
AUSTRALIA,N
AUSTRALIA,N
AUSTRALIA,N
AUSTRALIA,N
AUSTRALIA,N
AUSTRALIA,N
AUSTRALIA,N
AUSTRALIA,N
AUSTRALIA,N
AUSTRALIA,N
AUSTRALIA,N
AUSTRALIA,N
AUSTRALIA,N
AUSTRALIA,N
AUSTRALIA,N
AUSTRALIA,N
AUSTRALIA,N
AUSTRALIA,N
AUSTRALIA,N
AUSTRALIA,N
AUSTRALIA,N
AUSTRALIA,N
AUSTRALIA,N
AUSTRALIA,N
AUSTRALIA,N
AUSTRALIA,N
AUSTRALIA,N
AUSTRALIA,N
AUSTRALIA,N
AUSTRALIA,N
AUSTRALIA,N
AUSTRALIA,N
AUSTRALIA,N
AUSTRALIA,N
AUSTRALIA,N
AUSTRALIA,N
AUSTRALIA,N
AUSTRALIA,N
AUSTRALIA,N
AUSTRALIA,N
AUSTRALIA,N
AUSTRALIA,N
AUSTRALIA,N
AUSTRALIA,N
AUSTRALIA,N
AUSTRALIA,N
AUSTRALIA,N
AUSTRALIA,N
AUSTRALIA,N
AUSTRALIA,N
AUSTRALIA,N
AUSTRALIA,N
AUSTRALIA,N
AUSTRALIA,N
AUSTRALIA,N
AUSTRALIA,N
AUSTRALIA,N
AUSTRALIA,N
AUSTRALIA,N
AUSTRALIA,N
AUSTRALIA,N
AUSTRALIA,N
AUSTRALIA,N
AUSTRALIA,N
AUSTRALIA,N
AUSTRALIA,N
AUSTRALIA,N
AUSTRALIA,N
AUSTRALIA,N
AUSTRALIA,N
AUSTRALIA,N
AUSTRALIA,N
AUSTRALIA,N
AUSTRALIA,N
AUSTRALIA,N
AUSTRALIA,N
AUSTRALIA,N
AUSTRALIA,N
AUSTRALIA,N
AUSTRALIA,N
AUSTRALIA,N
AUSTRALIA,N
AUSTRALIA,N
AUSTRALIA,N
AUSTRALIA,N
AUSTRALIA,N
AUSTRALIA,N
AUSTRALIA,N
AUSTRALIA,N
AUSTRALIA,N
AUSTRALIA,N
AUSTRALIA,N
AUSTRALIA,N
AUSTRALIA,N
AUSTRALIA,N
AUSTRALIA,N
AUSTRALIA,N
AUSTRALIA,N
AUSTRALIA,N
AUSTRALIA,N
AUSTRALIA,N
AUSTRALIA,N
AUSTRALIA,N
AUSTRALIA,N
AUSTRALIA,N
AUSTRALIA,N
AUSTRALIA,N
AUSTRALIA,N
AUSTRALIA,N
AUSTRALIA,N
AUSTRALIA,N
AUSTRALIA,N
AUSTRALIA,N
AUSTRALIA,N
AUSTRALIA,N
AUSTRALIA,N
AUSTRALIA,N
AUSTRALIA,N
AUSTRALIA,N
AUSTRALIA,N
AUSTRALIA,N
AUSTRALIA,N
AUSTRALIA,N
AUSTRALIA,N
AUSTRALIA,N
AUSTRALIA,N
AUSTRALIA,N
AUSTRALIA,N
AUSTRALIA,N
AUSTRALIA,N
AUSTRALIA,N
AUSTRALIA,N
AUSTRALIA,N
AUSTRALIA,N
AUSTRALIA,N
AUSTRALIA,N
AUSTRALIA,N
AUSTRALIA,N
AUSTRALIA,N
AUSTRALIA,N
AUSTRALIA,N
AUSTRALIA,N
AUSTRALIA,N
AUSTRALIA,N
AUSTRALIA,N
AUSTRALIA,N
AUSTRALIA,N
AUSTRALIA,N
AUSTRALIA,N
AUSTRALIA,N
AUSTRALIA,N
AUSTRALIA,N
AUSTRALIA,N
AUSTRALIA,N
AUSTRALIA,N
AUSTRALIA,N
AUSTRALIA,N
AUSTRALIA,N
AUSTRALIA,N
AUSTRALIA,N
AUSTRALIA,N
AUSTRALIA,N
AUSTRALIA,N
AUSTRALIA,N
AUSTRALIA,N
AUSTRALIA,N
AUSTRALIA,N
AUSTRALIA,N
AUSTRALIA,N
AUSTRALIA,N
AUSTRALIA,N
AUSTRALIA,N
AUSTRALIA,N
AUSTRALIA,N
AUSTRALIA,N
AUSTRALIA,N
AUSTRALIA,N
AUSTRALIA,N
AUSTRALIA,N
AUSTRALIA,N
AUSTRALIA,N
AUSTRALIA,N
AUSTRALIA,N
AUSTRALIA,N
AUSTRALIA,N
AUSTRALIA,N
AUSTRALIA,N
AUSTRALIA,N
AUSTRALIA,N
AUSTRALIA,N
AUSTRALIA,N
AUSTRALIA,N
AUSTRALIA,N
AUSTRALIA,N
AUSTRALIA,N
AUSTRALIA,N
AUSTRALIA,N
AUSTRALIA,N
AUSTRALIA,N
AUSTRALIA,N
AUSTRALIA,N
AUSTRALIA,N
AUSTRALIA,N
AUSTRALIA,N
AUSTRALIA,N
AUSTRALIA,N
AUSTRALIA,N
AUSTRALIA,N
AUSTRALIA,N
AUSTRALIA,N
AUSTRALIA,N
AUSTRALIA,N
AUSTRALIA,N
AUSTRALIA,N
AUSTRALIA,N
AUSTRALIA,N
AUSTRALIA,N
AUSTRALIA,N
AUSTRALIA,N
AUSTRALIA,N
AUSTRALIA,N
AUSTRALIA,N
AUSTRALIA,N
AUSTRALIA,N
AUSTRALIA,N
AUSTRALIA,N
AUSTRALIA,N
AUSTRALIA,N
AUSTRALIA,N
AUSTRALIA,N
AUSTRALIA,N
AUSTRALIA,N
AUSTRALIA,N
AUSTRALIA,N
AUSTRALIA,N
AUSTRALIA,N
AUSTRALIA,N
AUSTRALIA,N
AUSTRALIA,N
AUSTRALIA,N
AUSTRALIA,N
AUSTRALIA,N
AUSTRALIA,N
AUSTRALIA,N
AUSTRALIA,N
AUSTRALIA,N
AUSTRALIA,N
AUSTRALIA,N
AUSTRALIA,N
AUSTRALIA,N
AUSTRALIA,N
AUSTRALIA,N
AUSTRALIA,N
AUSTRALIA,N
AUSTRALIA,N
AUSTRALIA,N
AUSTRALIA,N
AUSTRALIA,N
AUSTRALIA,N
AUSTRALIA,N
AUSTRALIA,N
AUSTRALIA,N
AUSTRALIA,N
AUSTRALIA,N
AUSTRALIA,N
AUSTRALIA,N
AUSTRALIA,N
AUSTRALIA,N
AUSTRALIA,N
AUSTRALIA,N
AUSTRALIA,N
AUSTRALIA,N
AUSTRALIA,N
AUSTRALIA,N
AUSTRALIA,N
AUSTRALIA,N
AUSTRALIA,N
AUSTRALIA,N
AUSTRALIA,N
AUSTRALIA,N
AUSTRALIA,N
AUSTRALIA,N
AUSTRALIA,N
AUSTRALIA,N
AUSTRALIA,N
AUSTRALIA,N
AUSTRALIA,N
AUSTRALIA,N
AUSTRALIA,N
AUSTRALIA,N
AUSTRALIA,N
AUSTRALIA,N
AUSTRALIA,N
AUSTRALIA,N
AUSTRALIA,N
AUSTRALIA,N
AUSTRALIA,N
AUSTRALIA,N
AUSTRALIA,N
AUSTRALIA,N
AUSTRALIA,N
AUSTRALIA,N
AUSTRALIA,N
AUSTRALIA,N
AUSTRALIA,N
AUSTRALIA,N
AUSTRALIA,N
AUSTRALIA,N
AUSTRALIA,N
AUSTRALIA,N
AUSTRALIA,N
AUSTRALIA,N
AUSTRALIA,N
AUSTRALIA,N
AUSTRALIA,N
AUSTRALIA,N
AUSTRALIA,N
AUSTRALIA,N
AUSTRALIA,N
AUSTRALIA,N
AUSTRALIA,N
AUSTRALIA,N
AUSTRALIA,N
AUSTRALIA,N
AUSTRALIA,N
AUSTRALIA,N
AUSTRALIA,N
AUSTRALIA,N
AUSTRALIA,N
AUSTRALIA,N
AUSTRALIA,N
AUSTRALIA,N
AUSTRALIA,N
AUSTRALIA,N
AUSTRALIA,N
AUSTRALIA,N
AUSTRALIA,N
AUSTRALIA,N
AUSTRALIA,N
AUSTRALIA,N
AUSTRALIA,N
AUSTRALIA,N
AUSTRALIA,N
AUSTRALIA,N
AUSTRALIA,N
AUSTRALIA,N
AUSTRALIA,N
AUSTRALIA,N
AUSTRALIA,N
AUSTRALIA,N
AUSTRALIA,N
AUSTRALIA,N
AUSTRALIA,N
AUSTRALIA,N
AUSTRALIA,N
AUSTRALIA,N
AUSTRALIA,N
AUSTRALIA,N
AUSTRALIA,N
AUSTRALIA,N
AUSTRALIA,N
AUSTRALIA,N
AUSTRALIA,N
AUSTRALIA,N
AUSTRALIA,N
AUSTRALIA,N
AUSTRALIA,N
AUSTRALIA,N
AUSTRALIA,N
AUSTRALIA,N
AUSTRALIA,N
AUSTRALIA,N
AUSTRALIA,N
AUSTRALIA,N
AUSTRALIA,N
AUSTRALIA,N
AUSTRALIA,N
AUSTRALIA,N
AUSTRALIA,N
AUSTRALIA,N
AUSTRALIA,N
AUSTRALIA,N
AUSTRALIA,N
AUSTRALIA,N
AUSTRALIA,N
AUSTRALIA,N
AUSTRALIA,N
AUSTRALIA,N
AUSTRALIA,N
AUSTRALIA,N
AUSTRALIA,N
AUSTRALIA,N
AUSTRALIA,N
AUSTRALIA,N
AUSTRALIA,N
AUSTRALIA,N
AUSTRALIA,N
AUSTRALIA,N
AUSTRALIA,N
AUSTRALIA,N
AUSTRALIA,N
AUSTRALIA,N
AUSTRALIA,N
AUSTRALIA,N
AUSTRALIA,N
AUSTRALIA,N
AUSTRALIA,N
AUSTRALIA,N
AUSTRALIA,N
AUSTRALIA,N
AUSTRALIA,N
AUSTRALIA,N
AUSTRALIA,N
AUSTRALIA,N
AUSTRALIA,N
AUSTRALIA,N
AUSTRALIA,N
AUSTRALIA,N
AUSTRALIA,N
AUSTRALIA,N
AUSTRALIA,N
AUSTRALIA,N
AUSTRALIA,N
AUSTRALIA,N
AUSTRALIA,N
AUSTRALIA,N
AUSTRALIA,N
AUSTRALIA,N
AUSTRALIA,N
AUSTRALIA,N
AUSTRALIA,N
AUSTRALIA,N
AUSTRALIA,N
AUSTRALIA,N
AUSTRALIA,N
AUSTRALIA,N
AUSTRALIA,N
AUSTRALIA,N
AUSTRALIA,N
AUSTRALIA,N
AUSTRALIA,N
AUSTRALIA,N
AUSTRALIA,N
AUSTRALIA,N
AUSTRALIA,N
AUSTRALIA,N
AUSTRALIA,N
AUSTRALIA,N
AUSTRALIA,N
AUSTRALIA,N
AUSTRALIA,N
AUSTRALIA,N
AUSTRALIA,N
AUSTRALIA,N
AUSTRALIA,N
AUSTRALIA,N
AUSTRALIA,N
AUSTRALIA,N
AUSTRALIA,N
AUSTRALIA,N
AUSTRALIA,N
AUSTRALIA,N
AUSTRALIA,N
AUSTRALIA,N
AUSTRALIA,N
AUSTRALIA,N
AUSTRALIA,N
AUSTRALIA,N
AUSTRALIA,N
AUSTRALIA,N
AUSTRALIA,N
AUSTRALIA,N
AUSTRALIA,N
AUSTRALIA,N
AUSTRALIA,N
AUSTRALIA,N
AUSTRALIA,N
AUSTRALIA,N
AUSTRALIA,N
AUSTRALIA,N
AUSTRALIA,N
AUSTRALIA,N
AUSTRALIA,N
AUSTRALIA,N
AUSTRALIA,N
AUSTRALIA,N
AUSTRALIA,N
AUSTRALIA,N
AUSTRALIA,N
AUSTRALIA,N
AUSTRALIA,N
AUSTRALIA,N
AUSTRALIA,N
AUSTRALIA,N
AUSTRALIA,N
AUSTRALIA,N
AUSTRALIA,N
AUSTRALIA,N
AUSTRALIA,N
AUSTRALIA,N
AUSTRALIA,N
AUSTRALIA,N
AUSTRALIA,N
AUSTRALIA,N
AUSTRALIA,N
AUSTRALIA,N
AUSTRALIA,N
AUSTRALIA,N
AUSTRALIA,N
AUSTRALIA,N
AUSTRALIA,N
AUSTRALIA,N
AUSTRALIA,N
AUSTRALIA,N
AUSTRALIA,N
AUSTRALIA,N
AUSTRALIA,N
AUSTRALIA,N
AUSTRALIA,N
AUSTRALIA,N
AUSTRALIA,N
AUSTRALIA,N
AUSTRALIA,N
AUSTRALIA,N
AUSTRALIA,N
AUSTRALIA,N
AUSTRALIA,N
AUSTRALIA,N
AUSTRALIA,N
AUSTRALIA,N
AUSTRALIA,N
AUSTRALIA,N
AUSTRALIA,N
AUSTRALIA,N
AUSTRALIA,N
AUSTRALIA,N
AUSTRALIA,N
AUSTRALIA,N
AUSTRALIA,N
AUSTRALIA,N
AUSTRALIA,N
AUSTRALIA,N
AUSTRALIA,N
AUSTRALIA,N
AUSTRALIA,N
AUSTRALIA,N
AUSTRALIA,N
AUSTRALIA,N
AUSTRALIA,N
AUSTRALIA,N
AUSTRALIA,N
AUSTRALIA,N
AUSTRALIA,N
AUSTRALIA,N
AUSTRALIA,N
AUSTRALIA,N
AUSTRALIA,N
AUSTRALIA,N
AUSTRALIA,N
AUSTRALIA,N
AUSTRALIA,N
AUSTRALIA,N
AUSTRALIA,N
AUSTRALIA,N
AUSTRALIA,N
AUSTRALIA,N
AUSTRALIA,N
AUSTRALIA,N
AUSTRALIA,N
AUSTRALIA,N
AUSTRALIA,N
AUSTRALIA,N
AUSTRALIA,N
AUSTRALIA,N
AUSTRALIA,N
AUSTRALIA,N
AUSTRALIA,N
AUSTRALIA,N
AUSTRALIA,N
AUSTRALIA,N
AUSTRALIA,N
AUSTRALIA,N
AUSTRALIA,N
AUSTRALIA,N
AUSTRALIA,N
AUSTRALIA,N
AUSTRALIA,N
AUSTRALIA,N
AUSTRALIA,N
AUSTRALIA,N
AUSTRALIA,N
AUSTRALIA,N
AUSTRALIA,N
AUSTRALIA,N
AUSTRALIA,N
AUSTRALIA,N
AUSTRALIA,N
AUSTRALIA,N
AUSTRALIA,N
AUSTRALIA,N
AUSTRALIA,N
AUSTRALIA,N
AUSTRALIA,N
AUSTRALIA,N
AUSTRALIA,N
AUSTRALIA,N
AUSTRALIA,N
AUSTRALIA,N
AUSTRALIA,N
AUSTRALIA,N
AUSTRALIA,N
AUSTRALIA,N
AUSTRALIA,N
AUSTRALIA,N
AUSTRALIA,N
AUSTRALIA,N
AUSTRALIA,N
AZORES,N
AZORES,N
AZORES,N
AZORES,N
AZORES,N
BAHAMAS,N
BAHAMAS,N
BAHAMAS,N
BAHAMAS,N
BAHAMAS,N
BAHAMAS,N
BAHAMAS,N
BAHAMAS,N
BAHAMAS,N
BAHAMAS,N
BAHAMAS,N
BAHAMAS,N
BAHAMAS,N
BAHAMAS,N
BAHAMAS,N
BAHAMAS,N
BAHAMAS,N
BAHAMAS,N
BAHAMAS,N
BAHAMAS,N
BAHAMAS,N
BAHAMAS,N
BAHAMAS,N
BAHAMAS,N
BAHAMAS,N
BAHAMAS,N
BAHAMAS,N
BAHAMAS,N
BAHAMAS,N
BAHAMAS,N
BAHAMAS,N
BAHAMAS,N
BAHAMAS,N
BAHAMAS,N
BAHAMAS,N
BAHAMAS,N
BAHAMAS,N
BAHAMAS,N
BAHAMAS,N
BAHAMAS,N
BAHAMAS,N
BAHAMAS,N
BAHAMAS,N
BAHAMAS,N
BAHAMAS,N
BAHAMAS,N
BAHAMAS,N
BAHAMAS,N
BAHAMAS,N
BAHAMAS,N
BAHAMAS,N
BAHAMAS,N
BAHAMAS,N
BAHAMAS,N
BAHAMAS,N
BAHAMAS,N
BAHAMAS,N
BAHAMAS,N
BAHAMAS,N
BAHAMAS,N
BAHAMAS,N
BAHAMAS,N
BAHAMAS,N
BAHAMAS,N
BAHAMAS,N
BAHAMAS,N
BAHAMAS,N
BAHAMAS,N
BAHAMAS,N
BAHAMAS,N
BAHAMAS,N
BAHAMAS,N
BAHAMAS,N
BAHAMAS,N
BAHAMAS,N
BAHAMAS,N
BAHAMAS,N
BAHAMAS,N
BAHAMAS,N
BAHAMAS,N
BAHAMAS,N
BAHAMAS,N
BAHAMAS,N
BAHAMAS,N
BAHAMAS,N
BAHAMAS,N
BAHAMAS,N
BAHAMAS,N
BAHAMAS,N
BARBADOS,N
BARBADOS,N
BELIZE,N
BERMUDA,N
BERMUDA,N
BERMUDA,N
BERMUDA,N
BERMUDA,N
BERMUDA,N
BERMUDA,N
BERMUDA,N
BERMUDA,N
BERMUDA,N
BERMUDA,N
BERMUDA,N
BRAZIL,N
BRAZIL,N
BRAZIL,N
BRAZIL,N
BRAZIL,N
BRAZIL,N
BRAZIL,N
BRAZIL,N
BRAZIL,N
BRAZIL,N
BRAZIL,N
BRAZIL,N
BRAZIL,N
BRAZIL,N
BRAZIL,N
BRAZIL,N
BRAZIL,N
BRAZIL,N
BRAZIL,N
BRAZIL,N
BRAZIL,N
BRAZIL,N
BRAZIL,N
BRAZIL,N
BRAZIL,N
BRAZIL,N
BRAZIL,N
BRAZIL,N
BRAZIL,N
BRAZIL,N
BRAZIL,N
BRAZIL,N
BRAZIL,N
BRAZIL,N
BRAZIL,N
BRAZIL,N
BRAZIL,N
BRAZIL,N
BRAZIL,N
BRAZIL,N
BRAZIL,N
BRAZIL,N
BRAZIL,N
BRAZIL,N
BRAZIL,N
BRAZIL,N
BRAZIL,N
BRAZIL,N
BRAZIL,N
BRAZIL,N
BRAZIL,N
BRAZIL,N
BRAZIL,N
BRAZIL,N
BRAZIL,N
BRAZIL,N
BRAZIL,N
BRAZIL,N
BRAZIL,N
BRAZIL,N
BRAZIL,N
BRITISH ISLES,N
BRITISH NEW GUINEA,N
BRITISH WEST INDIES,N
BURMA,N
CANADA,N
CANADA,N
CANADA,N
CANADA,N
CANADA,N
CANADA,N
CANADA,N
CANADA,N
CAPE VERDE,N
CARIBBEAN SEA,N
CARIBBEAN SEA,N
CARIBBEAN SEA,N
CAYMAN ISLANDS,N
CAYMAN ISLANDS,N
CENTRAL PACIFIC,N
CHILE,N
CHILE,N
CHILE,N
CHILE,N
CHINA,N
CHINA,N
CHINA,N
COLUMBIA,N
COLUMBIA,N
COLUMBIA,N
COLUMBIA,N
COLUMBIA,N
COLUMBIA,N
COLUMBIA,N
COSTA RICA,N
COSTA RICA,N
COSTA RICA,N
COSTA RICA,N
CROATIA,N
CROATIA,N
CROATIA,N
CROATIA,N
CROATIA,N
CROATIA,N
CROATIA,N
CROATIA,N
CROATIA,N
CROATIA,N
CROATIA,N
CROATIA,N
CUBA,N
CUBA,N
CUBA,N
CUBA,N
CUBA,N
CUBA,N
CUBA,N
CUBA,N
CUBA,N
CUBA,N
CUBA,N
CUBA,N
CUBA,N
CUBA,N
CUBA,N
CUBA,N
CUBA,N
CURACAO,N
DOMINICAN REPUBLIC,N
DOMINICAN REPUBLIC,N
ECUADOR,N
ECUADOR,N
ECUADOR,N
ECUADOR,N
ECUADOR,N
ECUADOR,N
ECUADOR,N
ECUADOR,N
EGYPT,N
EGYPT,N
EGYPT,N
EGYPT,N
EGYPT,N
EGYPT,N
EGYPT,N
EGYPT,N
EGYPT,N
EGYPT,N
EGYPT,N
EGYPT,N
EGYPT,N
EGYPT,N
EGYPT,N
EGYPT,N
EGYPT,N
EGYPT,N
EGYPT,N
EGYPT,N
EGYPT,N
EGYPT ,N
EGYPT ,N
EGYPT / ISRAEL,N
EL SALVADOR,N
EL SALVADOR,N
England,N
ENGLAND,N
ENGLAND,N
ENGLAND,N
ENGLAND,N
ENGLAND,N
ENGLAND,N
ENGLAND,N
ENGLAND,N
ENGLAND,N
ENGLAND,N
ENGLAND,N
ENGLAND,N
ENGLAND,N
ENGLAND,N
ENGLAND,N
ENGLAND,N
FALKLAND ISLANDS,N
FEDERATED STATES OF MICRONESIA,N
FIJI,N
FIJI,N
FIJI,N
FIJI,N
FIJI,N
FIJI,N
FIJI,N
FIJI,N
FIJI,N
FIJI,N
Fiji,N
FIJI,N
FIJI,N
FIJI,N
FIJI,N
FIJI,N
FIJI,N
FIJI,N
FIJI,N
FIJI,N
FIJI,N
FIJI,N
FIJI,N
FIJI,N
FIJI,N
FIJI,N
FIJI,N
FIJI,N
FIJI,N
FIJI,N
FIJI,N
FIJI,N
FIJI,N
FIJI,N
FIJI,N
FIJI,N
FIJI,N
FIJI,N
FIJI,N
FIJI,N
FRANCE,N
FRANCE,N
FRANCE,N
FRANCE,N
FRANCE,N
FRANCE,N
FRANCE,N
FRANCE,N
FRENCH POLYNESIA,N
FRENCH POLYNESIA,N
FRENCH POLYNESIA,N
FRENCH POLYNESIA,N
FRENCH POLYNESIA,N
FRENCH POLYNESIA,N
FRENCH POLYNESIA,N
FRENCH POLYNESIA,N
FRENCH POLYNESIA,N
FRENCH POLYNESIA,N
FRENCH POLYNESIA,N
FRENCH POLYNESIA,N
FRENCH POLYNESIA,N
FRENCH POLYNESIA,N
FRENCH POLYNESIA,N
FRENCH POLYNESIA,N
FRENCH POLYNESIA,N
FRENCH POLYNESIA,N
FRENCH POLYNESIA,N
FRENCH POLYNESIA,N
GEORGIA,N
GRAND CAYMAN,N
GREECE,N
GREECE,N
GREECE,N
GREECE,N
GREECE,N
GREECE,N
GREECE,N
GREECE,N
GREECE,N
GRENADA,N
GUAM,N
GUAM,N
GUYANA,N
HAITI,N
HAITI,N
HONDURAS,N
HONG KONG,N
HONG KONG,N
HONG KONG,N
HONG KONG,N
HONG KONG,N
HONG KONG,N
HONG KONG,N
ICELAND,N
INDIA,N
INDIA,N
INDIA,N
INDIA,N
INDIA,N
INDIA,N
INDIA,N
INDIA,N
INDIA,N
INDIA,N
INDIA,N
INDIA,N
INDIA,N
INDIAN OCEAN,N
INDIAN OCEAN,N
INDONESIA,N
INDONESIA,N
INDONESIA,N
INDONESIA,N
INDONESIA,N
INDONESIA,N
INDONESIA,N
IRAN,N
IRAN,N
IRAN,N
IRAN,N
IRAN,N
IRAN,N
IRAN,N
IRAN,N
IRAN,N
IRAN,N
IRAN,N
IRAN,N
IRAN,N
IRAN,N
IRAN,N
IRAN,N
IRAN / IRAQ,N
IRAQ,N
IRAQ,N
IRAQ,N
IRAQ,N
IRAQ,N
IRAQ,N
IRAQ,N
IRAQ,N
IRAQ,N
ISRAEL,N
ISRAEL,N
ISRAEL,N
ISRAEL,N
ISRAEL,N
ITALY,N
ITALY,N
ITALY,N
ITALY,N
ITALY,N
ITALY,N
ITALY,N
ITALY,N
ITALY,N
ITALY,N
ITALY,N
ITALY,N
ITALY,N
ITALY,N
ITALY,N
ITALY,N
ITALY,N
ITALY,N
ITALY,N
ITALY,N
ITALY,N
ITALY,N
ITALY,N
ITALY,N
ITALY,N
ITALY,N
ITALY,N
ITALY,N
ITALY,N
ITALY,N
ITALY,N
ITALY,N
ITALY,N
ITALY,N
ITALY,N
ITALY,N
ITALY,N
ITALY,N
ITALY,N
ITALY,N
ITALY,N
ITALY,N
ITALY,N
ITALY,N
ITALY,N
ITALY,N
ITALY,N
ITALY / CROATIA,N
JAMAICA,N
JAMAICA,N
JAMAICA,N
JAMAICA,N
JAMAICA,N
JAMAICA,N
JAMAICA,N
JAMAICA,N
JAMAICA,N
JAMAICA,N
JAPAN,N
JAPAN,N
JAPAN,N
JAPAN,N
JAPAN,N
JAPAN,N
JAPAN,N
JAPAN,N
JAPAN,N
JAPAN,N
JAPAN,N
JAPAN,N
JAPAN,N
JAPAN,N
JAPAN,N
JAPAN,N
JAPAN,N
JAPAN,N
JOHNSTON ISLAND,N
JOHNSTON ISLAND,N
KENYA,N
KENYA,N
KENYA,N
KENYA,N
KIRIBATI,N
KIRIBATI,N
KUWAIT,N
LEBANON,N
LIBYA,N
LIBYA,N
LIBYA,N
MADAGASCAR,N
MADAGASCAR,N
MADAGASCAR,N
MALAYSIA,N
MALAYSIA,N
MALAYSIA,N
MALTA,N
MALTA,N
MARSHALL ISLANDS,N
MARSHALL ISLANDS,N
MARSHALL ISLANDS,N
MARSHALL ISLANDS,N
MARSHALL ISLANDS,N
MARSHALL ISLANDS,N
MARSHALL ISLANDS,N
MARSHALL ISLANDS,N
MARSHALL ISLANDS,N
MARSHALL ISLANDS,N
MARSHALL ISLANDS,N
MARTINIQUE,N
MAURITIUS,N
MAURITIUS,N
MAURITIUS,N
MAURITIUS,N
MAURITIUS,N
MEDITERRANEAN SEA,N
MEXICO,N
MEXICO,N
MEXICO,N
MEXICO,N
MEXICO,N
MEXICO,N
MEXICO,N
MEXICO,N
MEXICO,N
MEXICO,N
MEXICO,N
MEXICO,N
MEXICO,N
MEXICO,N
MEXICO,N
MEXICO,N
MEXICO,N
MEXICO,N
MEXICO,N
MEXICO,N
MEXICO,N
MEXICO,N
MEXICO,N
MEXICO,N
MEXICO,N
MEXICO,N
MEXICO,N
MEXICO,N
MEXICO,N
MEXICO,N
MEXICO,N
MEXICO,N
MEXICO,N
MEXICO,N
MEXICO,N
MEXICO,N
MEXICO,N
MEXICO,N
MEXICO,N
MEXICO ,N
MICRONESIA,N
MICRONESIA,N
MICRONESIA,N
MID ATLANTIC OCEAN,N
MID ATLANTIC OCEAN,N
MID ATLANTIC OCEAN,N
MID-PACIFC OCEAN,N
MONTENEGRO,N
MOZAMBIQUE,N
MOZAMBIQUE,N
MOZAMBIQUE,N
MOZAMBIQUE,N
MOZAMBIQUE,N
MOZAMBIQUE,N
MOZAMBIQUE,N
MOZAMBIQUE,N
MOZAMBIQUE,N
MOZAMBIQUE,N
MOZAMBIQUE,N
MOZAMBIQUE,N
MOZAMBIQUE,N
MOZAMBIQUE,N
MOZAMBIQUE,N
MOZAMBIQUE,N
MOZAMBIQUE,N
MOZAMBIQUE,N
MOZAMBIQUE,N
MOZAMBIQUE,N
MOZAMBIQUE,N
MOZAMBIQUE,N
MOZAMBIQUE,N
MOZAMBIQUE,N
NAMIBIA,N
NETHERLANDS ANTILLES,N
NEW BRITAIN,N
NEW BRITAIN,N
NEW CALEDONIA,N
NEW CALEDONIA,N
NEW CALEDONIA,N
NEW CALEDONIA,N
NEW CALEDONIA,N
NEW CALEDONIA,N
NEW CALEDONIA,N
NEW CALEDONIA,N
NEW CALEDONIA,N
NEW CALEDONIA,N
NEW CALEDONIA,N
NEW CALEDONIA,N
NEW CALEDONIA,N
NEW CALEDONIA,N
NEW CALEDONIA,N
NEW CALEDONIA,N
NEW CALEDONIA,N
NEW CALEDONIA,N
NEW CALEDONIA,N
NEW CALEDONIA,N
NEW CALEDONIA,N
NEW CALEDONIA,N
NEW CALEDONIA,N
NEW CALEDONIA,N
NEW CALEDONIA,N
NEW CALEDONIA,N
NEW CALEDONIA,N
NEW CALEDONIA,N
NEW CALEDONIA,N
NEW CALEDONIA,N
NEW CALEDONIA,N
NEW CALEDONIA,N
NEW GUINEA,N
NEW GUINEA,N
NEW GUINEA,N
NEW ZEALAND,N
NEW ZEALAND,N
NEW ZEALAND,N
NEW ZEALAND,N
NEW ZEALAND,N
NEW ZEALAND,N
NEW ZEALAND,N
NEW ZEALAND,N
NEW ZEALAND,N
NEW ZEALAND,N
NEW ZEALAND,N
NEW ZEALAND,N
NEW ZEALAND,N
NEW ZEALAND,N
NEW ZEALAND,N
NEW ZEALAND,N
NEW ZEALAND,N
NEW ZEALAND,N
NEW ZEALAND,N
NEW ZEALAND,N
NEW ZEALAND,N
NEW ZEALAND,N
NEW ZEALAND,N
NEW ZEALAND,N
NEW ZEALAND,N
NEW ZEALAND,N
NEW ZEALAND,N
NEW ZEALAND,N
NEW ZEALAND,N
NEW ZEALAND,N
NEW ZEALAND,N
NEW ZEALAND,N
NEW ZEALAND,N
NEW ZEALAND,N
NEW ZEALAND,N
NEW ZEALAND,N
NEW ZEALAND,N
NEW ZEALAND,N
NEW ZEALAND,N
NEW ZEALAND,N
NEW ZEALAND,N
NEW ZEALAND,N
NEW ZEALAND,N
NEW ZEALAND,N
NEW ZEALAND,N
NEW ZEALAND,N
NEW ZEALAND,N
NEW ZEALAND,N
NEW ZEALAND,N
NEW ZEALAND,N
NEW ZEALAND,N
NEW ZEALAND,N
NEW ZEALAND,N
NEW ZEALAND,N
NEW ZEALAND,N
NEW ZEALAND,N
NEW ZEALAND,N
NEW ZEALAND,N
NEW ZEALAND,N
NEW ZEALAND,N
NEW ZEALAND,N
NEW ZEALAND,N
NEW ZEALAND,N
NEW ZEALAND,N
NEW ZEALAND,N
NEW ZEALAND,N
NEW ZEALAND,N
NEW ZEALAND,N
NEW ZEALAND,N
NEW ZEALAND,N
NEW ZEALAND,N
NEW ZEALAND,N
NEW ZEALAND,N
NEW ZEALAND,N
NEW ZEALAND,N
NEW ZEALAND,N
NEW ZEALAND,N
NEW ZEALAND,N
NEW ZEALAND,N
NEW ZEALAND,N
NEW ZEALAND,N
NEW ZEALAND,N
NEW ZEALAND,N
NEW ZEALAND,N
NEW ZEALAND,N
NEW ZEALAND,N
NEW ZEALAND,N
NEW ZEALAND,N
NEW ZEALAND,N
NEW ZEALAND,N
NEW ZEALAND,N
NEW ZEALAND,N
NEW ZEALAND,N
NEW ZEALAND,N
NEW ZEALAND,N
NICARAGUA,N
NICARAGUA ,N
NIGERIA,N
NORTH ATLANTIC OCEAN,N
NORTH ATLANTIC OCEAN,N
NORTH ATLANTIC OCEAN,N
NORTH ATLANTIC OCEAN,N
NORTH ATLANTIC OCEAN ,N
NORTH PACIFIC OCEAN,N
NORTH PACIFIC OCEAN,N
NORTH PACIFIC OCEAN,N
NORTH PACIFIC OCEAN,N
NORTH PACIFIC OCEAN,N
NORTH SEA,N
NORTHERN ARABIAN SEA,N
NORTHERN MARIANA ISLANDS,N
NORWAY,N
OCEAN,N
OKINAWA,N
OKINAWA,N
PACIFIC OCEAN,N
PACIFIC OCEAN,N
PACIFIC OCEAN,N
PACIFIC OCEAN,N
PACIFIC OCEAN,N
PACIFIC OCEAN,N
PACIFIC OCEAN,N
PACIFIC OCEAN,N
PACIFIC OCEAN,N
PACIFIC OCEAN ,N
PACIFIC OCEAN ,N
PALAU,N
PALAU,N
PALAU,N
PALAU,N
PALAU,N
PALESTINIAN TERRITORIES,N
PANAMA,N
PANAMA,N
PANAMA,N
PANAMA,N
PANAMA,N
PANAMA,N
PANAMA,N
PANAMA,N
PANAMA,N
PANAMA,N
PANAMA,N
PANAMA,N
PANAMA,N
PAPUA NEW GUINEA,N
PAPUA NEW GUINEA,N
PAPUA NEW GUINEA,N
PAPUA NEW GUINEA,N
PAPUA NEW GUINEA,N
PAPUA NEW GUINEA,N
PAPUA NEW GUINEA,N
PAPUA NEW GUINEA,N
PAPUA NEW GUINEA,N
PAPUA NEW GUINEA,N
PAPUA NEW GUINEA,N
PAPUA NEW GUINEA,N
PAPUA NEW GUINEA,N
PAPUA NEW GUINEA,N
PAPUA NEW GUINEA,N
PAPUA NEW GUINEA,N
PAPUA NEW GUINEA,N
PAPUA NEW GUINEA,N
PAPUA NEW GUINEA,N
PAPUA NEW GUINEA,N
PAPUA NEW GUINEA,N
PAPUA NEW GUINEA,N
PAPUA NEW GUINEA,N
PAPUA NEW GUINEA,N
PAPUA NEW GUINEA,N
PAPUA NEW GUINEA,N
PAPUA NEW GUINEA,N
PAPUA NEW GUINEA,N
PAPUA NEW GUINEA,N
PAPUA NEW GUINEA,N
PAPUA NEW GUINEA,N
PAPUA NEW GUINEA,N
PAPUA NEW GUINEA,N
PAPUA NEW GUINEA,N
PAPUA NEW GUINEA,N
PAPUA NEW GUINEA,N
PAPUA NEW GUINEA,N
PAPUA NEW GUINEA,N
PAPUA NEW GUINEA,N
PAPUA NEW GUINEA,N
PAPUA NEW GUINEA,N
PAPUA NEW GUINEA,N
PAPUA NEW GUINEA,N
PAPUA NEW GUINEA,N
PAPUA NEW GUINEA,N
PAPUA NEW GUINEA,N
PAPUA NEW GUINEA,N
PAPUA NEW GUINEA,N
PAPUA NEW GUINEA,N
PAPUA NEW GUINEA,N
PAPUA NEW GUINEA,N
PAPUA NEW GUINEA,N
PAPUA NEW GUINEA,N
PAPUA NEW GUINEA,N
PAPUA NEW GUINEA,N
PAPUA NEW GUINEA,N
PAPUA NEW GUINEA,N
PAPUA NEW GUINEA,N
PAPUA NEW GUINEA,N
PAPUA NEW GUINEA,N
PAPUA NEW GUINEA,N
PAPUA NEW GUINEA,N
PAPUA NEW GUINEA,N
PAPUA NEW GUINEA,N
PAPUA NEW GUINEA,N
PAPUA NEW GUINEA,N
PAPUA NEW GUINEA,N
PAPUA NEW GUINEA,N
PAPUA NEW GUINEA,N
PAPUA NEW GUINEA,N
PAPUA NEW GUINEA,N
PAPUA NEW GUINEA,N
PAPUA NEW GUINEA,N
PAPUA NEW GUINEA,N
PERSIAN GULF,N
PERSIAN GULF,N
PERSIAN GULF,N
PHILIPPINES,N
PHILIPPINES,N
PHILIPPINES,N
PHILIPPINES,N
PHILIPPINES,N
PHILIPPINES,N
PHILIPPINES,N
PHILIPPINES,N
PHILIPPINES,N
PHILIPPINES,N
PHILIPPINES,N
PHILIPPINES,N
PHILIPPINES,N
PHILIPPINES,N
PHILIPPINES,N
PHILIPPINES,N
PHILIPPINES,N
PHILIPPINES,N
PHILIPPINES,N
PHILIPPINES,N
PORTUGAL,N
PUERTO RICO,N
RED SEA,N
RED SEA?,N
REUNION,N
REUNION,N
REUNION,N
REUNION,N
REUNION,N
REUNION,N
REUNION,N
REUNION,N
REUNION,N
REUNION,N
REUNION,N
REUNION,N
REUNION,N
REUNION,N
REUNION,N
REUNION,N
REUNION,N
REUNION,N
REUNION,N
REUNION,N
REUNION,N
REUNION,N
REUNION,N
REUNION,N
REUNION,N
REUNION,N
REUNION,N
REUNION,N
REUNION,N
REUNION,N
RUSSIA,N
RUSSIA,N
RUSSIA,N
RUSSIA,N
SAMOA,N
SAMOA,N
SAMOA,N
SAMOA,N
SAMOA,N
SAMOA,N
SAUDI ARABIA,N
SAUDI ARABIA,N
SAUDI ARABIA,N
SAUDI ARABIA,N
SCOTLAND,N
SCOTLAND,N
SCOTLAND,N
SCOTLAND,N
SCOTLAND,N
SCOTLAND,N
SCOTLAND,N
SCOTLAND,N
SENEGAL,N
SENEGAL,N
SENEGAL,N
SENEGAL,N
SENEGAL,N
SENEGAL,N
SEYCHELLES,N
SEYCHELLES,N
SIERRA LEONE,N
SIERRA LEONE,N
SIERRA LEONE,N
SIERRA LEONE,N
SINGAPORE,N
SINGAPORE,N
SLOVENIA,N
SOLOMON ISLANDS,N
SOLOMON ISLANDS,N
SOLOMON ISLANDS,N
SOLOMON ISLANDS,N
SOLOMON ISLANDS,N
SOLOMON ISLANDS,N
SOLOMON ISLANDS,N
SOLOMON ISLANDS,N
SOLOMON ISLANDS,N
SOLOMON ISLANDS,N
SOLOMON ISLANDS,N
SOLOMON ISLANDS,N
SOLOMON ISLANDS,N
SOLOMON ISLANDS,N
SOLOMON ISLANDS,N
SOLOMON ISLANDS,N
SOMALIA,N
SOUTH AFRICA,N
SOUTH AFRICA,N
SOUTH AFRICA,N
SOUTH AFRICA,N
SOUTH AFRICA,N
SOUTH AFRICA,N
SOUTH AFRICA,N
SOUTH AFRICA,N
SOUTH AFRICA,N
SOUTH AFRICA,N
SOUTH AFRICA,N
SOUTH AFRICA,N
SOUTH AFRICA,N
SOUTH AFRICA,N
SOUTH AFRICA,N
SOUTH AFRICA,N
SOUTH AFRICA,N
SOUTH AFRICA,N
SOUTH AFRICA,N
SOUTH AFRICA,N
SOUTH AFRICA,N
SOUTH AFRICA,N
SOUTH AFRICA,N
SOUTH AFRICA,N
SOUTH AFRICA,N
SOUTH AFRICA,N
SOUTH AFRICA,N
SOUTH AFRICA,N
SOUTH AFRICA,N
SOUTH AFRICA,N
SOUTH AFRICA,N
SOUTH AFRICA,N
SOUTH AFRICA,N
SOUTH AFRICA,N
SOUTH AFRICA,N
SOUTH AFRICA,N
SOUTH AFRICA,N
SOUTH AFRICA,N
SOUTH AFRICA,N
SOUTH AFRICA,N
SOUTH AFRICA,N
SOUTH AFRICA,N
SOUTH AFRICA,N
SOUTH AFRICA,N
SOUTH AFRICA,N
SOUTH AFRICA,N
SOUTH AFRICA,N
SOUTH AFRICA,N
SOUTH AFRICA,N
SOUTH AFRICA,N
SOUTH AFRICA,N
SOUTH AFRICA,N
SOUTH AFRICA,N
SOUTH AFRICA,N
SOUTH AFRICA,N
SOUTH AFRICA,N
SOUTH AFRICA,N
SOUTH AFRICA,N
SOUTH AFRICA,N
SOUTH AFRICA,N
SOUTH AFRICA,N
SOUTH AFRICA,N
SOUTH AFRICA,N
SOUTH AFRICA,N
SOUTH AFRICA,N
SOUTH AFRICA,N
SOUTH AFRICA,N
SOUTH AFRICA,N
SOUTH AFRICA,N
SOUTH AFRICA,N
SOUTH AFRICA,N
SOUTH AFRICA,N
SOUTH AFRICA,N
SOUTH AFRICA,N
SOUTH AFRICA,N
SOUTH AFRICA,N
SOUTH AFRICA,N
SOUTH AFRICA,N
SOUTH AFRICA,N
SOUTH AFRICA,N
SOUTH AFRICA,N
SOUTH AFRICA,N
SOUTH AFRICA,N
SOUTH AFRICA,N
SOUTH AFRICA,N
SOUTH AFRICA,N
SOUTH AFRICA,N
SOUTH AFRICA,N
SOUTH AFRICA,N
SOUTH AFRICA,N
SOUTH AFRICA,N
SOUTH AFRICA,N
SOUTH AFRICA,N
SOUTH AFRICA,N
SOUTH AFRICA,N
SOUTH AFRICA,N
SOUTH AFRICA,N
SOUTH AFRICA,N
SOUTH AFRICA,N
SOUTH AFRICA,N
SOUTH AFRICA,N
SOUTH AFRICA,N
SOUTH AFRICA,N
SOUTH AFRICA,N
SOUTH AFRICA,N
SOUTH AFRICA,N
SOUTH AFRICA,N
SOUTH AFRICA,N
SOUTH AFRICA,N
SOUTH AFRICA,N
SOUTH AFRICA,N
SOUTH AFRICA,N
SOUTH AFRICA,N
SOUTH AFRICA,N
SOUTH AFRICA,N
SOUTH AFRICA,N
SOUTH AFRICA,N
SOUTH AFRICA,N
SOUTH AFRICA,N
SOUTH AFRICA,N
SOUTH AFRICA,N
SOUTH AFRICA,N
SOUTH AFRICA,N
SOUTH AFRICA,N
SOUTH AFRICA,N
SOUTH AFRICA,N
SOUTH AFRICA,N
SOUTH AFRICA,N
SOUTH AFRICA,N
SOUTH AFRICA,N
SOUTH AFRICA,N
SOUTH AFRICA,N
SOUTH AFRICA,N
SOUTH AFRICA,N
SOUTH AFRICA,N
SOUTH AFRICA,N
SOUTH AFRICA,N
SOUTH AFRICA,N
SOUTH AFRICA,N
SOUTH AFRICA,N
SOUTH AFRICA,N
SOUTH AFRICA,N
SOUTH AFRICA,N
SOUTH AFRICA,N
SOUTH AFRICA,N
SOUTH AFRICA,N
SOUTH AFRICA,N
SOUTH AFRICA,N
SOUTH AFRICA,N
SOUTH AFRICA,N
SOUTH AFRICA,N
SOUTH AFRICA,N
SOUTH AFRICA,N
SOUTH AFRICA,N
SOUTH AFRICA,N
SOUTH AFRICA,N
SOUTH AFRICA,N
SOUTH AFRICA,N
SOUTH AFRICA,N
SOUTH AFRICA,N
SOUTH AFRICA,N
SOUTH AFRICA,N
SOUTH AFRICA,N
SOUTH AFRICA,N
SOUTH AFRICA,N
SOUTH AFRICA,N
SOUTH AFRICA,N
SOUTH AFRICA,N
SOUTH AFRICA,N
SOUTH AFRICA,N
SOUTH AFRICA,N
SOUTH AFRICA,N
SOUTH AFRICA,N
SOUTH AFRICA,N
SOUTH AFRICA,N
SOUTH AFRICA,N
SOUTH AFRICA,N
SOUTH AFRICA,N
SOUTH AFRICA,N
SOUTH AFRICA,N
SOUTH AFRICA,N
SOUTH AFRICA,N
SOUTH AFRICA,N
SOUTH AFRICA,N
SOUTH AFRICA,N
SOUTH AFRICA,N
SOUTH AFRICA,N
SOUTH AFRICA,N
SOUTH AFRICA,N
SOUTH AFRICA,N
SOUTH AFRICA,N
SOUTH AFRICA,N
SOUTH AFRICA,N
SOUTH AFRICA,N
SOUTH AFRICA,N
SOUTH AFRICA,N
SOUTH AFRICA,N
SOUTH AFRICA,N
SOUTH AFRICA,N
SOUTH AFRICA,N
SOUTH AFRICA,N
SOUTH AFRICA,N
SOUTH AFRICA,N
SOUTH AFRICA,N
SOUTH AFRICA,N
SOUTH AFRICA,N
SOUTH AFRICA,N
SOUTH AFRICA,N
SOUTH AFRICA,N
SOUTH AFRICA,N
SOUTH AFRICA,N
SOUTH AFRICA,N
SOUTH AFRICA,N
SOUTH AFRICA,N
SOUTH AFRICA,N
SOUTH AFRICA,N
SOUTH AFRICA,N
SOUTH AFRICA,N
SOUTH AFRICA,N
SOUTH AFRICA,N
SOUTH AFRICA,N
SOUTH AFRICA,N
SOUTH AFRICA,N
SOUTH AFRICA,N
SOUTH AFRICA,N
SOUTH AFRICA,N
SOUTH AFRICA,N
SOUTH AFRICA,N
SOUTH AFRICA,N
SOUTH AFRICA,N
SOUTH AFRICA,N
SOUTH AFRICA,N
SOUTH AFRICA,N
SOUTH AFRICA,N
SOUTH AFRICA,N
SOUTH AFRICA,N
SOUTH AFRICA,N
SOUTH AFRICA,N
SOUTH AFRICA,N
SOUTH AFRICA,N
SOUTH AFRICA,N
SOUTH AFRICA,N
SOUTH AFRICA,N
SOUTH AFRICA,N
SOUTH AFRICA,N
SOUTH AFRICA,N
SOUTH AFRICA,N
SOUTH AFRICA,N
SOUTH AFRICA,N
SOUTH AFRICA,N
SOUTH AFRICA,N
SOUTH AFRICA,N
SOUTH AFRICA,N
SOUTH AFRICA,N
SOUTH AFRICA,N
SOUTH AFRICA,N
SOUTH AFRICA,N
SOUTH AFRICA,N
SOUTH AFRICA,N
SOUTH AFRICA,N
SOUTH AFRICA,N
SOUTH AFRICA,N
SOUTH AFRICA,N
SOUTH AFRICA,N
SOUTH AFRICA,N
SOUTH AFRICA,N
SOUTH AFRICA,N
SOUTH AFRICA,N
SOUTH AFRICA,N
SOUTH AFRICA,N
SOUTH AFRICA,N
SOUTH AFRICA,N
SOUTH AFRICA,N
SOUTH AFRICA,N
SOUTH AFRICA,N
SOUTH AFRICA,N
SOUTH AFRICA,N
SOUTH AFRICA,N
SOUTH AFRICA,N
SOUTH AFRICA,N
SOUTH AFRICA,N
SOUTH AFRICA,N
SOUTH AFRICA,N
SOUTH AFRICA,N
SOUTH AFRICA,N
SOUTH AFRICA,N
SOUTH AFRICA,N
SOUTH AFRICA,N
SOUTH AFRICA,N
SOUTH AFRICA,N
SOUTH AFRICA,N
SOUTH AFRICA,N
SOUTH AFRICA,N
SOUTH AFRICA,N
SOUTH AFRICA,N
SOUTH AFRICA,N
SOUTH AFRICA,N
SOUTH AFRICA,N
SOUTH AFRICA,N
SOUTH AFRICA,N
SOUTH AFRICA,N
SOUTH AFRICA,N
SOUTH AFRICA,N
SOUTH AFRICA,N
SOUTH AFRICA,N
SOUTH AFRICA,N
SOUTH AFRICA,N
SOUTH AFRICA,N
SOUTH AFRICA,N
SOUTH AFRICA,N
SOUTH AFRICA,N
SOUTH AFRICA,N
SOUTH AFRICA,N
SOUTH AFRICA,N
SOUTH AFRICA,N
SOUTH AFRICA,N
SOUTH AFRICA,N
SOUTH AFRICA,N
SOUTH AFRICA,N
SOUTH AFRICA,N
SOUTH AFRICA,N
SOUTH AFRICA,N
SOUTH AFRICA,N
SOUTH AFRICA,N
SOUTH AFRICA,N
SOUTH AFRICA,N
SOUTH AFRICA,N
SOUTH AFRICA,N
SOUTH AFRICA,N
SOUTH AFRICA,N
SOUTH AFRICA,N
SOUTH AFRICA,N
SOUTH AFRICA,N
SOUTH AFRICA,N
SOUTH AFRICA,N
SOUTH AFRICA,N
SOUTH AFRICA,N
SOUTH AFRICA,N
SOUTH AFRICA,N
SOUTH AFRICA,N
SOUTH AFRICA,N
SOUTH AFRICA,N
SOUTH AFRICA,N
SOUTH AFRICA,N
SOUTH AFRICA,N
SOUTH AFRICA,N
SOUTH AFRICA,N
SOUTH AFRICA,N
SOUTH AFRICA,N
SOUTH AFRICA,N
SOUTH AFRICA,N
SOUTH AFRICA,N
SOUTH AFRICA,N
SOUTH AFRICA,N
SOUTH AFRICA,N
SOUTH AFRICA,N
SOUTH AFRICA,N
SOUTH AFRICA,N
SOUTH AFRICA,N
SOUTH AFRICA,N
SOUTH AFRICA,N
SOUTH AFRICA,N
SOUTH AFRICA,N
SOUTH AFRICA,N
SOUTH AFRICA,N
SOUTH AFRICA,N
SOUTH AFRICA,N
SOUTH AFRICA,N
SOUTH AFRICA,N
SOUTH AFRICA,N
SOUTH AFRICA,N
SOUTH AFRICA,N
SOUTH AFRICA,N
SOUTH AFRICA,N
SOUTH AFRICA,N
SOUTH AFRICA,N
SOUTH AFRICA,N
SOUTH AFRICA,N
SOUTH AFRICA,N
SOUTH AFRICA,N
SOUTH AFRICA,N
SOUTH AFRICA,N
SOUTH AFRICA,N
SOUTH AFRICA,N
SOUTH AFRICA,N
SOUTH AFRICA,N
SOUTH AFRICA,N
SOUTH AFRICA,N
SOUTH AFRICA,N
SOUTH AFRICA,N
SOUTH AFRICA,N
SOUTH AFRICA,N
SOUTH AFRICA,N
SOUTH AFRICA,N
SOUTH AFRICA,N
SOUTH AFRICA,N
SOUTH AFRICA,N
SOUTH AFRICA,N
SOUTH AFRICA,N
SOUTH AFRICA,N
SOUTH AFRICA,N
SOUTH AFRICA,N
SOUTH AFRICA,N
SOUTH AFRICA,N
SOUTH AFRICA,N
SOUTH AFRICA,N
SOUTH AFRICA,N
SOUTH AFRICA,N
SOUTH AFRICA,N
SOUTH AFRICA,N
SOUTH AFRICA,N
SOUTH AFRICA,N
SOUTH AFRICA,N
SOUTH AFRICA,N
SOUTH AFRICA,N
SOUTH AFRICA,N
SOUTH AFRICA,N
SOUTH AFRICA,N
SOUTH AFRICA,N
SOUTH AFRICA,N
SOUTH AFRICA,N
SOUTH AFRICA,N
SOUTH AFRICA,N
SOUTH AFRICA,N
SOUTH AFRICA,N
SOUTH AFRICA,N
SOUTH AFRICA,N
SOUTH ATLANTIC OCEAN,N
SOUTH ATLANTIC OCEAN,N
SOUTH ATLANTIC OCEAN,N
SOUTH ATLANTIC OCEAN,N
SOUTH ATLANTIC OCEAN,N
SOUTH ATLANTIC OCEAN,N
SOUTH ATLANTIC OCEAN,N
SOUTH ATLANTIC OCEAN,N
SOUTH CHINA SEA,N
SOUTH KOREA,N
SOUTH KOREA,N
SOUTHWEST PACIFIC OCEAN,N
SPAIN,N
SPAIN,N
SPAIN,N
SPAIN,N
SPAIN,N
SPAIN,N
SPAIN,N
SPAIN,N
SPAIN,N
SPAIN,N
SPAIN,N
SPAIN,N
SPAIN,N
SPAIN,N
SPAIN,N
SPAIN,N
SPAIN,N
SPAIN,N
SPAIN,N
SPAIN,N
SPAIN,N
SPAIN,N
SPAIN,N
SPAIN,N
SPAIN,N
SPAIN,N
SPAIN,N
SPAIN,N
SPAIN,N
SRI LANKA,N
SRI LANKA,N
SRI LANKA,N
SRI LANKA,N
SRI LANKA,N
SRI LANKA,N
SRI LANKA,N
SRI LANKA,N
SRI LANKA,N
SRI LANKA,N
SRI LANKA,N
"ST HELENA, British overseas territory",N
ST. MAARTIN,N
ST. MARTIN,N
SUDAN,N
SUDAN,N
SUDAN,N
SUDAN?,N
TAIWAN,N
TAIWAN,N
TAIWAN,N
TAIWAN,N
TAIWAN,N
TAIWAN,N
TANZANIA,N
TANZANIA,N
TASMAN SEA,N
THAILAND,N
THAILAND,N
TONGA,N
TONGA,N
TONGA,N
TONGA,N
TONGA,N
TONGA,N
TONGA,N
TONGA,N
TONGA,N
TONGA,N
TONGA,N
TONGA,N
TRINIDAD & TOBAGO,N
TRINIDAD & TOBAGO,N
TUNISIA,N
TURKEY,N
TURKEY,N
TURKEY,N
TURKEY,N
TURKEY,N
TURKEY,N
TURKEY,N
TURKEY,N
TURKS & CAICOS,N
TURKS & CAICOS,N
TURKS & CAICOS,N
UNITED ARAB EMIRATES,N
UNITED ARAB EMIRATES,N
UNITED ARAB EMIRATES (UAE),N
UNITED ARAB EMIRATES (UAE),N
UNITED KINGDOM,N
UNITED KINGDOM,N
UNITED KINGDOM,N
UNITED KINGDOM,N
UNITED KINGDOM,N
UNITED KINGDOM,N
UNITED KINGDOM,N
UNITED KINGDOM,N
UNITED KINGDOM,N
URUGUAY,N
URUGUAY,N
USA,N
USA,N
USA,N
USA,N
USA,N
USA,N
USA,N
USA,N
USA,N
USA,N
USA,N
USA,N
USA,N
USA,N
USA,N
USA,N
USA,N
USA,N
USA,N
USA,N
USA,N
USA,N
USA,N
USA,N
USA,N
USA,N
USA,N
USA,N
USA,N
USA,N
USA,N
USA,N
USA,N
USA,N
USA,N
USA,N
USA,N
USA,N
USA,N
USA,N
USA,N
USA,N
USA,N
USA,N
USA,N
USA,N
USA,N
USA,N
USA,N
USA,N
USA,N
USA,N
USA,N
USA,N
USA,N
USA,N
USA,N
USA,N
USA,N
USA,N
USA,N
USA,N
USA,N
USA,N
USA,N
USA,N
USA,N
USA,N
USA,N
USA,N
USA,N
USA,N
USA,N
USA,N
USA,N
USA,N
USA,N
USA,N
USA,N
USA,N
USA,N
USA,N
USA,N
USA,N
USA,N
USA,N
USA,N
USA,N
USA,N
USA,N
USA,N
USA,N
USA,N
USA,N
USA,N
USA,N
USA,N
USA,N
USA,N
USA,N
USA,N
USA,N
USA,N
USA,N
USA,N
USA,N
USA,N
USA,N
USA,N
USA,N
USA,N
USA,N
USA,N
USA,N
USA,N
USA,N
USA,N
USA,N
USA,N
USA,N
USA,N
USA,N
USA,N
USA,N
USA,N
USA,N
USA,N
USA,N
USA,N
USA,N
USA,N
USA,N
USA,N
USA,N
USA,N
USA,N
USA,N
USA,N
USA,N
USA,N
USA,N
USA,N
USA,N
USA,N
USA,N
USA,N
USA,N
USA,N
USA,N
USA,N
USA,N
USA,N
USA,N
USA,N
USA,N
USA,N
USA,N
USA,N
USA,N
USA,N
USA,N
USA,N
USA,N
USA,N
USA,N
USA,N
USA,N
USA,N
USA,N
USA,N
USA,N
USA,N
USA,N
USA,N
USA,N
USA,N
USA,N
USA,N
USA,N
USA,N
USA,N
USA,N
USA,N
USA,N
USA,N
USA,N
USA,N
USA,N
USA,N
USA,N
USA,N
USA,N
USA,N
USA,N
USA,N
USA,N
USA,N
USA,N
USA,N
USA,N
USA,N
USA,N
USA,N
USA,N
USA,N
USA,N
USA,N
USA,N
USA,N
USA,N
USA,N
USA,N
USA,N
USA,N
USA,N
USA,N
USA,N
USA,N
USA,N
USA,N
USA,N
USA,N
USA,N
USA,N
USA,N
USA,N
USA,N
USA,N
USA,N
USA,N
USA,N
USA,N
USA,N
USA,N
USA,N
USA,N
USA,N
USA,N
USA,N
USA,N
USA,N
USA,N
USA,N
USA,N
USA,N
USA,N
USA,N
USA,N
USA,N
USA,N
USA,N
USA,N
USA,N
USA,N
USA,N
USA,N
USA,N
USA,N
USA,N
USA,N
USA,N
USA,N
USA,N
USA,N
USA,N
USA,N
USA,N
USA,N
USA,N
USA,N
USA,N
USA,N
USA,N
USA,N
USA,N
USA,N
USA,N
USA,N
USA,N
USA,N
USA,N
USA,N
USA,N
USA,N
USA,N
USA,N
USA,N
USA,N
USA,N
USA,N
USA,N
USA,N
USA,N
USA,N
USA,N
USA,N
USA,N
USA,N
USA,N
USA,N
USA,N
USA,N
USA,N
USA,N
USA,N
USA,N
USA,N
USA,N
USA,N
USA,N
USA,N
USA,N
USA,N
USA,N
USA,N
USA,N
USA,N
USA,N
USA,N
USA,N
USA,N
USA,N
USA,N
USA,N
USA,N
USA,N
USA,N
USA,N
USA,N
USA,N
USA,N
USA,N
USA,N
USA,N
USA,N
USA,N
USA,N
USA,N
USA,N
USA,N
USA,N
USA,N
USA,N
USA,N
USA,N
USA,N
USA,N
USA,N
USA,N
USA,N
USA,N
USA,N
USA,N
USA,N
USA,N
USA,N
USA,N
USA,N
USA,N
USA,N
USA,N
USA,N
USA,N
USA,N
USA,N
USA,N
USA,N
USA,N
USA,N
USA,N
USA,N
USA,N
USA,N
USA,N
USA,N
USA,N
USA,N
USA,N
USA,N
USA,N
USA,N
USA,N
USA,N
USA,N
USA,N
USA,N
USA,N
USA,N
USA,N
USA,N
USA,N
USA,N
USA,N
USA,N
USA,N
USA,N
USA,N
USA,N
USA,N
USA,N
USA,N
USA,N
USA,N
USA,N
USA,N
USA,N
USA,N
USA,N
USA,N
USA,N
USA,N
USA,N
USA,N
USA,N
USA,N
USA,N
USA,N
USA,N
USA,N
USA,N
USA,N
USA,N
USA,N
USA,N
USA,N
USA,N
USA,N
USA,N
USA,N
USA,N
USA,N
USA,N
USA,N
USA,N
USA,N
USA,N
USA,N
USA,N
USA,N
USA,N
USA,N
USA,N
USA,N
USA,N
USA,N
USA,N
USA,N
USA,N
USA,N
USA,N
USA,N
USA,N
USA,N
USA,N
USA,N
USA,N
USA,N
USA,N
USA,N
USA,N
USA,N
USA,N
USA,N
USA,N
USA,N
USA,N
USA,N
USA,N
USA,N
USA,N
USA,N
USA,N
USA,N
USA,N
USA,N
USA,N
USA,N
USA,N
USA,N
USA,N
USA,N
USA,N
USA,N
USA,N
USA,N
USA,N
USA,N
USA,N
USA,N
USA,N
USA,N
USA,N
USA,N
USA,N
USA,N
USA,N
USA,N
USA,N
USA,N
USA,N
USA,N
USA,N
USA,N
USA,N
USA,N
USA,N
USA,N
USA,N
USA,N
USA,N
USA,N
USA,N
USA,N
USA,N
USA,N
USA,N
USA,N
USA,N
USA,N
USA,N
USA,N
USA,N
USA,N
USA,N
USA,N
USA,N
USA,N
USA,N
USA,N
USA,N
USA,N
USA,N
USA,N
USA,N
USA,N
USA,N
USA,N
USA,N
USA,N
USA,N
USA,N
USA,N
USA,N
USA,N
USA,N
USA,N
USA,N
USA,N
USA,N
USA,N
USA,N
USA,N
USA,N
USA,N
USA,N
USA,N
USA,N
USA,N
USA,N
USA,N
USA,N
USA,N
USA,N
USA,N
USA,N
USA,N
USA,N
USA,N
USA,N
USA,N
USA,N
USA,N
USA,N
USA,N
USA,N
USA,N
USA,N
USA,N
USA,N
USA,N
USA,N
USA,N
USA,N
USA,N
USA,N
USA,N
USA,N
USA,N
USA,N
USA,N
USA,N
USA,N
USA,N
USA,N
USA,N
USA,N
USA,N
USA,N
USA,N
USA,N
USA,N
USA,N
USA,N
USA,N
USA,N
USA,N
USA,N
USA,N
USA,N
USA,N
USA,N
USA,N
USA,N
USA,N
USA,N
USA,N
USA,N
USA,N
USA,N
USA,N
USA,N
USA,N
USA,N
USA,N
USA,N
USA,N
USA,N
USA,N
USA,N
USA,N
USA,N
USA,N
USA,N
USA,N
USA,N
USA,N
USA,N
USA,N
USA,N
USA,N
USA,N
USA,N
USA,N
USA,N
USA,N
USA,N
USA,N
USA,N
USA,N
USA,N
USA,N
USA,N
USA,N
USA,N
USA,N
USA,N
USA,N
USA,N
USA,N
USA,N
USA,N
USA,N
USA,N
USA,N
USA,N
USA,N
USA,N
USA,N
USA,N
USA,N
USA,N
USA,N
USA,N
USA,N
USA,N
USA,N
USA,N
USA,N
USA,N
USA,N
USA,N
USA,N
USA,N
USA,N
USA,N
USA,N
USA,N
USA,N
USA,N
USA,N
USA,N
USA,N
USA,N
USA,N
USA,N
USA,N
USA,N
USA,N
USA,N
USA,N
USA,N
USA,N
USA,N
USA,N
USA,N
USA,N
USA,N
USA,N
USA,N
USA,N
USA,N
USA,N
USA,N
USA,N
USA,N
USA,N
USA,N
USA,N
USA,N
USA,N
USA,N
USA,N
USA,N
USA,N
USA,N
USA,N
USA,N
USA,N
USA,N
USA,N
USA,N
USA,N
USA,N
USA,N
USA,N
USA,N
USA,N
USA,N
USA,N
USA,N
USA,N
USA,N
USA,N
USA,N
USA,N
USA,N
USA,N
USA,N
USA,N
USA,N
USA,N
USA,N
USA,N
USA,N
USA,N
USA,N
USA,N
USA,N
USA,N
USA,N
USA,N
USA,N
USA,N
USA,N
USA,N
USA,N
USA,N
USA,N
USA,N
USA,N
USA,N
USA,N
USA,N
USA,N
USA,N
USA,N
USA,N
USA,N
USA,N
USA,N
USA,N
USA,N
USA,N
USA,N
USA,N
USA,N
USA,N
USA,N
USA,N
USA,N
USA,N
USA,N
USA,N
USA,N
USA,N
USA,N
USA,N
USA,N
USA,N
USA,N
USA,N
USA,N
USA,N
USA,N
USA,N
USA,N
USA,N
USA,N
USA,N
USA,N
USA,N
USA,N
USA,N
USA,N
USA,N
USA,N
USA,N
USA,N
USA,N
USA,N
USA,N
USA,N
USA,N
USA,N
USA,N
USA,N
USA,N
USA,N
USA,N
USA,N
USA,N
USA,N
USA,N
USA,N
USA,N
USA,N
USA,N
USA,N
USA,N
USA,N
USA,N
USA,N
USA,N
USA,N
USA,N
USA,N
USA,N
USA,N
USA,N
USA,N
USA,N
USA,N
USA,N
USA,N
USA,N
USA,N
USA,N
USA,N
USA,N
USA,N
USA,N
USA,N
USA,N
USA,N
USA,N
USA,N
USA,N
USA,N
USA,N
USA,N
USA,N
USA,N
USA,N
USA,N
USA,N
USA,N
USA,N
USA,N
USA,N
USA,N
USA,N
USA,N
USA,N
USA,N
USA,N
USA,N
USA,N
USA,N
USA,N
USA,N
USA,N
USA,N
USA,N
USA,N
USA,N
USA,N
USA,N
USA,N
USA,N
USA,N
USA,N
USA,N
USA,N
USA,N
USA,N
USA,N
USA,N
USA,N
USA,N
USA,N
USA,N
USA,N
USA,N
USA,N
USA,N
USA,N
USA,N
USA,N
USA,N
USA,N
USA,N
USA,N
USA,N
USA,N
USA,N
USA,N
USA,N
USA,N
USA,N
USA,N
USA,N
USA,N
USA,N
USA,N
USA,N
USA,N
USA,N
USA,N
USA,N
USA,N
USA,N
USA,N
USA,N
USA,N
USA,N
USA,N
USA,N
USA,N
USA,N
USA,N
USA,N
USA,N
USA,N
USA,N
USA,N
USA,N
USA,N
USA,N
USA,N
USA,N
USA,N
USA,N
USA,N
USA,N
USA,N
USA,N
USA,N
USA,N
USA,N
USA,N
USA,N
USA,N
USA,N
USA,N
USA,N
USA,N
USA,N
USA,N
USA,N
USA,N
USA,N
USA,N
USA,N
USA,N
USA,N
USA,N
USA,N
USA,N
USA,N
USA,N
USA,N
USA,N
USA,N
USA,N
USA,N
USA,N
USA,N
USA,N
USA,N
USA,N
USA,N
USA,N
USA,N
USA,N
USA,N
USA,N
USA,N
USA,N
USA,N
USA,N
USA,N
USA,N
USA,N
USA,N
USA,N
USA,N
USA,N
USA,N
USA,N
USA,N
USA,N
USA,N
USA,N
USA,N
USA,N
USA,N
USA,N
USA,N
USA,N
USA,N
USA,N
USA,N
USA,N
USA,N
USA,N
USA,N
USA,N
USA,N
USA,N
USA,N
USA,N
USA,N
USA,N
USA,N
USA,N
USA,N
USA,N
USA,N
USA,N
USA,N
USA,N
USA,N
USA,N
USA,N
USA,N
USA,N
USA,N
USA,N
USA,N
USA,N
USA,N
USA,N
USA,N
USA,N
USA,N
USA,N
USA,N
USA,N
USA,N
USA,N
USA,N
USA,N
USA,N
USA,N
USA,N
USA,N
USA,N
USA,N
USA,N
USA,N
USA,N
USA,N
USA,N
USA,N
USA,N
USA,N
USA,N
USA,N
USA,N
USA,N
USA,N
USA,N
USA,N
USA,N
USA,N
USA,N
USA,N
USA,N
USA,N
USA,N
USA,N
USA,N
USA,N
USA,N
USA,N
USA,N
USA,N
USA,N
USA,N
USA,N
USA,N
USA,N
USA,N
USA,N
USA,N
USA,N
USA,N
USA,N
USA,N
USA,N
USA,N
USA,N
USA,N
USA,N
USA,N
USA,N
USA,N
USA,N
USA,N
USA,N
USA,N
USA,N
USA,N
USA,N
USA,N
USA,N
USA,N
USA,N
USA,N
USA,N
USA,N
USA,N
USA,N
USA,N
USA,N
USA,N
USA,N
USA,N
USA,N
USA,N
USA,N
USA,N
USA,N
USA,N
USA,N
USA,N
USA,N
USA,N
USA,N
USA,N
USA,N
USA,N
USA,N
USA,N
USA,N
USA,N
USA,N
USA,N
USA,N
USA,N
USA,N
USA,N
USA,N
USA,N
USA,N
USA,N
USA,N
USA,N
USA,N
USA,N
USA,N
USA,N
USA,N
USA,N
USA,N
USA,N
USA,N
USA,N
USA,N
USA,N
USA,N
USA,N
USA,N
USA,N
USA,N
USA,N
USA,N
USA,N
USA,N
USA,N
USA,N
USA,N
USA,N
USA,N
USA,N
USA,N
USA,N
USA,N
USA,N
USA,N
USA,N
USA,N
USA,N
USA,N
USA,N
USA,N
USA,N
USA,N
USA,N
USA,N
USA,N
USA,N
USA,N
USA,N
USA,N
USA,N
USA,N
USA,N
USA,N
USA,N
USA,N
USA,N
USA,N
USA,N
USA,N
USA,N
USA,N
USA,N
USA,N
USA,N
USA,N
USA,N
USA,N
USA,N
USA,N
USA,N
USA,N
USA,N
USA,N
USA,N
USA,N
USA,N
USA,N
USA,N
USA,N
USA,N
USA,N
USA,N
USA,N
USA,N
USA,N
USA,N
USA,N
USA,N
USA,N
USA,N
USA,N
USA,N
USA,N
USA,N
USA,N
USA,N
USA,N
USA,N
USA,N
USA,N
USA,N
USA,N
USA,N
USA,N
USA,N
USA,N
USA,N
USA,N
USA,N
USA,N
USA,N
USA,N
USA,N
USA,N
USA,N
USA,N
USA,N
USA,N
USA,N
USA,N
USA,N
USA,N
USA,N
USA,N
USA,N
USA,N
USA,N
USA,N
USA,N
USA,N
USA,N
USA,N
USA,N
USA,N
USA,N
USA,N
USA,N
USA,N
USA,N
USA,N
USA,N
USA,N
USA,N
USA,N
USA,N
USA,N
USA,N
USA,N
USA,N
USA,N
USA,N
USA,N
USA,N
USA,N
USA,N
USA,N
USA,N
USA,N
USA,N
USA,N
USA,N
USA,N
USA,N
USA,N
USA,N
USA,N
USA,N
USA,N
USA,N
USA,N
USA,N
USA,N
USA,N
USA,N
USA,N
USA,N
USA,N
USA,N
USA,N
USA,N
USA,N
USA,N
USA,N
USA,N
USA,N
USA,N
USA,N
USA,N
USA,N
USA,N
USA,N
USA,N
USA,N
USA,N
USA,N
USA,N
USA,N
USA,N
USA,N
USA,N
USA,N
USA,N
USA,N
USA,N
USA,N
USA,N
USA,N
USA,N
USA,N
USA,N
USA,N
USA,N
USA,N
USA,N
USA,N
USA,N
USA,N
USA,N
USA,N
USA,N
USA,N
USA,N
USA,N
USA,N
USA,N
USA,N
USA,N
USA,N
USA,N
USA,N
USA,N
USA,N
USA,N
USA,N
USA,N
USA,N
USA,N
USA,N
USA,N
USA,N
USA,N
USA,N
USA,N
USA,N
USA,N
USA,N
USA,N
USA,N
USA,N
USA,N
USA,N
USA,N
USA,N
USA,N
USA,N
USA,N
USA,N
USA,N
USA,N
USA,N
USA,N
USA,N
USA,N
USA,N
USA,N
USA,N
USA,N
USA,N
USA,N
USA,N
USA,N
USA,N
USA,N
USA,N
USA,N
USA,N
USA,N
USA,N
USA,N
USA,N
USA,N
USA,N
USA,N
USA,N
USA,N
USA,N
USA,N
USA,N
USA,N
USA,N
USA,N
USA,N
USA,N
USA,N
USA,N
USA,N
USA,N
USA,N
USA,N
USA,N
USA,N
USA,N
USA,N
USA,N
USA,N
USA,N
USA,N
USA,N
USA,N
USA,N
USA,N
USA,N
USA,N
USA,N
USA,N
USA,N
USA,N
USA,N
USA,N
USA,N
USA,N
USA,N
USA,N
USA,N
USA,N
USA,N
USA,N
USA,N
USA,N
USA,N
USA,N
USA,N
USA,N
USA,N
USA,N
USA,N
USA,N
USA,N
USA,N
USA,N
USA,N
USA,N
USA,N
USA,N
USA,N
USA,N
USA,N
USA,N
USA,N
USA,N
USA,N
USA,N
USA,N
USA,N
USA,N
USA,N
USA,N
USA,N
USA,N
USA,N
USA,N
USA,N
USA,N
USA,N
USA,N
USA,N
USA,N
USA,N
USA,N
USA,N
USA,N
USA,N
USA,N
USA,N
USA,N
USA,N
USA,N
USA,N
USA,N
USA,N
USA,N
USA,N
USA,N
USA,N
USA,N
USA,N
USA,N
USA,N
USA,N
USA,N
USA,N
USA,N
USA,N
USA,N
USA,N
USA,N
USA,N
USA,N
USA,N
USA,N
USA,N
USA,N
USA,N
USA,N
USA,N
USA,N
USA,N
USA,N
USA,N
USA,N
USA,N
USA,N
USA,N
USA,N
USA,N
USA,N
USA,N
USA,N
USA,N
USA,N
USA,N
USA,N
USA,N
USA,N
USA,N
USA,N
USA,N
USA,N
USA,N
USA,N
USA,N
USA,N
USA,N
USA,N
USA,N
USA,N
USA,N
USA,N
USA,N
USA,N
USA,N
USA,N
USA,N
USA,N
USA,N
USA,N
USA,N
USA,N
USA,N
USA,N
USA,N
USA,N
USA,N
USA,N
USA,N
USA,N
USA,N
USA,N
USA,N
USA,N
USA,N
USA,N
USA,N
USA,N
USA,N
USA,N
USA,N
USA,N
USA,N
USA,N
USA,N
USA,N
USA,N
USA,N
USA,N
USA,N
USA,N
USA,N
USA,N
USA,N
USA,N
USA,N
USA,N
USA,N
USA,N
USA,N
USA,N
USA,N
USA,N
USA,N
USA,N
USA,N
USA,N
USA,N
USA,N
USA,N
USA,N
USA,N
USA,N
USA,N
USA,N
USA,N
USA,N
USA,N
USA,N
USA,N
USA,N
USA,N
USA,N
USA,N
USA,N
USA,N
USA,N
USA,N
USA,N
USA,N
USA,N
USA,N
USA,N
USA,N
USA,N
USA,N
USA,N
USA,N
USA,N
USA,N
USA,N
USA,N
USA,N
USA,N
USA,N
USA,N
USA,N
USA,N
USA,N
USA,N
USA,N
USA,N
USA,N
USA,N
USA,N
USA,N
USA,N
USA,N
USA,N
USA,N
USA,N
USA,N
USA,N
USA,N
USA,N
USA,N
USA,N
USA,N
USA,N
USA,N
USA,N
USA,N
USA,N
USA,N
USA,N
USA,N
USA,N
USA,N
USA,N
USA,N
USA,N
USA,N
USA,N
USA,N
USA,N
USA,N
USA,N
USA,N
USA,N
USA,N
USA,N
USA,N
USA,N
USA,N
USA,N
USA,N
USA,N
USA,N
USA,N
USA,N
USA,N
USA,N
USA,N
USA,N
USA,N
USA,N
USA,N
USA,N
USA,N
USA,N
USA,N
USA,N
USA,N
USA,N
USA,N
USA,N
USA,N
USA,N
USA,N
USA,N
USA,N
USA,N
USA,N
USA,N
USA,N
USA,N
USA,N
USA,N
USA,N
USA,N
USA,N
USA,N
USA,N
USA,N
USA,N
USA,N
USA,N
USA,N
USA,N
USA,N
USA,N
USA,N
USA,N
USA,N
USA,N
USA,N
USA,N
USA,N
USA,N
USA,N
USA,N
USA,N
USA,N
USA,N
USA,N
USA,N
USA,N
USA,N
USA,N
USA,N
USA,N
USA,N
USA,N
USA,N
USA,N
USA,N
USA,N
USA,N
USA,N
USA,N
USA,N
USA,N
USA,N
USA,N
USA,N
USA,N
USA,N
USA,N
USA,N
USA,N
USA,N
USA,N
USA,N
USA,N
USA,N
USA,N
USA,N
USA,N
USA,N
USA,N
USA,N
USA,N
USA,N
USA,N
USA,N
USA,N
USA,N
USA,N
USA,N
USA,N
USA,N
USA,n
USA,N
USA,N
USA,N
USA,N
USA,N
USA,N
USA,N
USA,N
USA,N
USA,N
USA,N
USA,N
USA,N
USA,N
USA,N
USA,N
VANUATU,N
VANUATU,N
VANUATU,N
VANUATU,N
VENEZUELA,N
VENEZUELA,N
VENEZUELA,N
VENEZUELA,N
VENEZUELA,N
VENEZUELA,N
VIETNAM,N
VIETNAM,N
VIETNAM,N
VIETNAM,N
VIETNAM,N
VIETNAM,N
VIETNAM,N
VIETNAM,N
VIETNAM,N
VIETNAM,N
VIETNAM,N
VIETNAM,N
VIETNAM,N
YEMEN ,N
AUSTRALIA, N
AUSTRALIA, N
AUSTRALIA, N
AUSTRALIA, N
AUSTRALIA, N
AUSTRALIA, N
NEW GUINEA, N
PAPUA NEW GUINEA, N
